{
	"IcoMoonType": "selection",
	"icons": [
		{
			"icon": {
				"paths": [
					"M512 1024c-281.6 0-512-230.4-512-512s230.4-512 512-512c281.6 0 512 230.4 512 512s-230.4 512-512 512zM512 44.8c-259.2 0-467.2 208-467.2 467.2s211.2 467.2 467.2 467.2c259.2 0 467.2-211.2 467.2-467.2 0-259.2-208-467.2-467.2-467.2z",
					"M310.4 512c0-185.6 54.4-291.2 208-291.2 156.8 0 198.4 105.6 198.4 284.8 0 195.2-51.2 297.6-204.8 297.6-156.8 3.2-201.6-99.2-201.6-291.2zM592 512c0-144-12.8-201.6-73.6-201.6-64 0-80 57.6-80 204.8 0 140.8 12.8 204.8 76.8 204.8 60.8 0 76.8-64 76.8-208z"
				],
				"attrs": [
					{
						"fill": "rgb(27, 0, 72)"
					},
					{
						"fill": "rgb(27, 0, 72)"
					}
				],
				"isMulticolor": false,
				"grid": 0,
				"tags": [
					"faith-circle-0"
				]
			},
			"attrs": [
				{
					"fill": "rgb(27, 0, 72)"
				},
				{
					"fill": "rgb(27, 0, 72)"
				}
			],
			"properties": {
				"order": 1,
				"id": 26,
				"prevSize": 32,
				"code": 59648,
				"name": "faith-circle-0"
			},
			"setIdx": 0,
			"setId": 0,
			"iconIdx": 0
		},
		{
			"icon": {
				"paths": [
					"M512 1024c-281.6 0-512-230.4-512-512s230.4-512 512-512c281.6 0 512 230.4 512 512s-230.4 512-512 512zM512 44.8c-259.2 0-467.2 208-467.2 467.2s211.2 467.2 467.2 467.2c259.2 0 467.2-211.2 467.2-467.2 0-259.2-208-467.2-467.2-467.2z",
					"M358.4 796.8v-60.8l86.4-3.2c9.6 0 12.8-3.2 12.8-16v-390.4c0-9.6-3.2-12.8-9.6-16l-67.2-16 9.6-64h185.6v480c0 12.8 0 16 12.8 16l80 6.4v60.8h-310.4z"
				],
				"attrs": [
					{
						"fill": "rgb(27, 0, 72)"
					},
					{
						"fill": "rgb(27, 0, 72)"
					}
				],
				"isMulticolor": false,
				"grid": 0,
				"tags": [
					"faith-circle-1"
				]
			},
			"attrs": [
				{
					"fill": "rgb(27, 0, 72)"
				},
				{
					"fill": "rgb(27, 0, 72)"
				}
			],
			"properties": {
				"order": 2,
				"id": 25,
				"prevSize": 32,
				"code": 59649,
				"name": "faith-circle-1"
			},
			"setIdx": 0,
			"setId": 0,
			"iconIdx": 1
		},
		{
			"icon": {
				"paths": [
					"M512 1024c-281.6 0-512-230.4-512-512s230.4-512 512-512c281.6 0 512 230.4 512 512s-230.4 512-512 512zM512 44.8c-259.2 0-467.2 208-467.2 467.2s211.2 467.2 467.2 467.2c259.2 0 467.2-211.2 467.2-467.2 0-259.2-208-467.2-467.2-467.2z",
					"M329.6 796.8v-70.4l156.8-208c51.2-70.4 76.8-112 76.8-156.8 0-28.8-12.8-51.2-57.6-51.2-41.6 0-64 12.8-64 70.4l-105.6-9.6c0-124.8 92.8-144 172.8-144 124.8 0 172.8 48 172.8 134.4 0 64-32 118.4-70.4 172.8l-140.8 192h124.8c6.4 0 9.6-3.2 9.6-9.6l12.8-60.8h83.2v147.2h-371.2z"
				],
				"attrs": [
					{
						"fill": "rgb(27, 0, 72)"
					},
					{
						"fill": "rgb(27, 0, 72)"
					}
				],
				"isMulticolor": false,
				"grid": 0,
				"tags": [
					"faith-circle-2"
				]
			},
			"attrs": [
				{
					"fill": "rgb(27, 0, 72)"
				},
				{
					"fill": "rgb(27, 0, 72)"
				}
			],
			"properties": {
				"order": 3,
				"id": 24,
				"prevSize": 32,
				"code": 59650,
				"name": "faith-circle-2"
			},
			"setIdx": 0,
			"setId": 0,
			"iconIdx": 2
		},
		{
			"icon": {
				"paths": [
					"M512 1024c-281.6 0-512-230.4-512-512s230.4-512 512-512 512 230.4 512 512c0 281.6-230.4 512-512 512zM512 44.8c-259.2 0-467.2 208-467.2 467.2s211.2 467.2 467.2 467.2 467.2-208 467.2-467.2c0-259.2-208-467.2-467.2-467.2z",
					"M598.4 499.2c64 19.2 102.4 57.6 102.4 137.6 0 108.8-83.2 169.6-195.2 169.6-80 0-147.2-25.6-188.8-73.6l64-70.4c28.8 28.8 67.2 51.2 118.4 51.2 48 0 83.2-28.8 83.2-86.4s-32-86.4-86.4-86.4c-19.2 0-32 0-57.6 6.4v-83.2l41.6-3.2c57.6-6.4 89.6-41.6 89.6-96 0-35.2-16-57.6-60.8-57.6-41.6 0-64 12.8-64 70.4l-108.8-9.6c0-124.8 92.8-144 176-144 118.4 0 172.8 48 172.8 134.4 3.2 64-35.2 115.2-86.4 140.8v0z"
				],
				"attrs": [
					{
						"fill": "rgb(27, 0, 72)"
					},
					{
						"fill": "rgb(27, 0, 72)"
					}
				],
				"isMulticolor": false,
				"grid": 0,
				"tags": [
					"faith-circle-3"
				]
			},
			"attrs": [
				{
					"fill": "rgb(27, 0, 72)"
				},
				{
					"fill": "rgb(27, 0, 72)"
				}
			],
			"properties": {
				"order": 4,
				"id": 23,
				"prevSize": 32,
				"code": 59651,
				"name": "faith-circle-3"
			},
			"setIdx": 0,
			"setId": 0,
			"iconIdx": 3
		},
		{
			"icon": {
				"paths": [
					"M512 1024c-281.6 0-512-230.4-512-512s230.4-512 512-512 512 230.4 512 512c0 281.6-230.4 512-512 512zM512 44.8c-259.2 0-467.2 208-467.2 467.2s211.2 467.2 467.2 467.2 467.2-208 467.2-467.2c0-259.2-208-467.2-467.2-467.2z",
					"M419.2 796.8v-60.8l86.4-6.4c9.6 0 12.8-3.2 12.8-16v-48h-230.4v-70.4l208-361.6h131.2v352h64v83.2h-64v54.4c0 9.6 3.2 9.6 12.8 9.6l57.6 6.4v60.8h-278.4zM518.4 358.4h-6.4l-124.8 224h128v-224z"
				],
				"attrs": [
					{
						"fill": "rgb(27, 0, 72)"
					},
					{
						"fill": "rgb(27, 0, 72)"
					}
				],
				"isMulticolor": false,
				"grid": 0,
				"tags": [
					"faith-circle-4"
				]
			},
			"attrs": [
				{
					"fill": "rgb(27, 0, 72)"
				},
				{
					"fill": "rgb(27, 0, 72)"
				}
			],
			"properties": {
				"order": 5,
				"id": 22,
				"prevSize": 32,
				"code": 59652,
				"name": "faith-circle-4"
			},
			"setIdx": 0,
			"setId": 0,
			"iconIdx": 4
		},
		{
			"icon": {
				"paths": [
					"M512 1024c-281.6 0-512-230.4-512-512s230.4-512 512-512c281.6 0 512 230.4 512 512s-230.4 512-512 512zM512 44.8c-259.2 0-467.2 208-467.2 467.2s211.2 467.2 467.2 467.2c259.2 0 467.2-211.2 467.2-467.2 0-259.2-208-467.2-467.2-467.2z",
					"M470.4 332.8l-16 137.6c19.2-12.8 51.2-28.8 96-28.8 92.8 0 150.4 54.4 150.4 169.6 0 108.8-67.2 195.2-192 195.2-86.4 0-150.4-25.6-195.2-70.4l60.8-70.4c28.8 25.6 64 51.2 121.6 51.2 48 0 86.4-32 86.4-102.4s-38.4-86.4-70.4-86.4c-32 0-57.6 16-73.6 35.2l-76.8-32 19.2-297.6h291.2v99.2h-201.6z"
				],
				"attrs": [
					{
						"fill": "rgb(27, 0, 72)"
					},
					{
						"fill": "rgb(27, 0, 72)"
					}
				],
				"isMulticolor": false,
				"grid": 0,
				"tags": [
					"faith-circle-5"
				]
			},
			"attrs": [
				{
					"fill": "rgb(27, 0, 72)"
				},
				{
					"fill": "rgb(27, 0, 72)"
				}
			],
			"properties": {
				"order": 6,
				"id": 21,
				"prevSize": 32,
				"code": 59653,
				"name": "faith-circle-5"
			},
			"setIdx": 0,
			"setId": 0,
			"iconIdx": 5
		},
		{
			"icon": {
				"paths": [
					"M512 1024c-281.6 0-512-230.4-512-512s230.4-512 512-512c281.6 0 512 230.4 512 512s-230.4 512-512 512zM512 44.8c-259.2 0-467.2 208-467.2 467.2s211.2 467.2 467.2 467.2c259.2 0 467.2-211.2 467.2-467.2 0-259.2-208-467.2-467.2-467.2z",
					"M576 364.8c0-48-16-60.8-54.4-60.8-70.4 0-86.4 92.8-89.6 179.2 25.6-16 64-32 108.8-32 89.6 0 150.4 54.4 150.4 163.2 0 131.2-80 192-185.6 192-150.4 0-195.2-121.6-195.2-281.6 0-131.2 41.6-300.8 214.4-300.8 73.6 0 156.8 19.2 156.8 128l-105.6 12.8zM508.8 720c48 0 64-41.6 64-96 0-57.6-16-86.4-64-86.4-28.8 0-57.6 12.8-76.8 28.8 6.4 76.8 12.8 153.6 76.8 153.6z"
				],
				"attrs": [
					{
						"fill": "rgb(27, 0, 72)"
					},
					{
						"fill": "rgb(27, 0, 72)"
					}
				],
				"isMulticolor": false,
				"grid": 0,
				"tags": [
					"faith-circle-6"
				]
			},
			"attrs": [
				{
					"fill": "rgb(27, 0, 72)"
				},
				{
					"fill": "rgb(27, 0, 72)"
				}
			],
			"properties": {
				"order": 7,
				"id": 20,
				"prevSize": 32,
				"code": 59654,
				"name": "faith-circle-6"
			},
			"setIdx": 0,
			"setId": 0,
			"iconIdx": 6
		},
		{
			"icon": {
				"paths": [
					"M512 1024c-281.6 0-512-230.4-512-512s230.4-512 512-512c281.6 0 512 230.4 512 512s-230.4 512-512 512zM512 44.8c-259.2 0-467.2 208-467.2 467.2s211.2 467.2 467.2 467.2c259.2 0 467.2-211.2 467.2-467.2 0-259.2-208-467.2-467.2-467.2z",
					"M412.8 796.8c19.2-211.2 115.2-406.4 166.4-464h-144c-6.4 0-9.6 3.2-9.6 9.6l-12.8 57.6-80 6.4v-172.8h377.6v89.6c-92.8 96-166.4 316.8-172.8 473.6h-124.8z"
				],
				"attrs": [
					{
						"fill": "rgb(27, 0, 72)"
					},
					{
						"fill": "rgb(27, 0, 72)"
					}
				],
				"isMulticolor": false,
				"grid": 0,
				"tags": [
					"faith-circle-7"
				]
			},
			"attrs": [
				{
					"fill": "rgb(27, 0, 72)"
				},
				{
					"fill": "rgb(27, 0, 72)"
				}
			],
			"properties": {
				"order": 8,
				"id": 19,
				"prevSize": 32,
				"code": 59655,
				"name": "faith-circle-7"
			},
			"setIdx": 0,
			"setId": 0,
			"iconIdx": 7
		},
		{
			"icon": {
				"paths": [
					"M512 1024c-281.6 0-512-230.4-512-512s230.4-512 512-512 512 230.4 512 512c0 281.6-230.4 512-512 512zM512 44.8c-259.2 0-467.2 208-467.2 467.2s211.2 467.2 467.2 467.2 467.2-208 467.2-467.2c0-259.2-208-467.2-467.2-467.2z",
					"M704 636.8c0 105.6-80 169.6-198.4 169.6s-179.2-60.8-179.2-150.4c0-70.4 41.6-121.6 83.2-156.8-38.4-28.8-67.2-70.4-67.2-128 0-92.8 76.8-147.2 176-147.2 105.6 0 166.4 54.4 166.4 131.2 0 51.2-22.4 89.6-64 140.8 44.8 32 83.2 64 83.2 140.8zM428.8 649.6c0 38.4 25.6 73.6 80 73.6 51.2 0 70.4-32 70.4-70.4 0-51.2-44.8-80-99.2-108.8-28.8 32-51.2 67.2-51.2 105.6zM579.2 358.4c0-35.2-25.6-57.6-64-57.6-35.2 0-57.6 25.6-57.6 57.6 0 35.2 32 67.2 80 89.6 25.6-32 41.6-60.8 41.6-89.6z"
				],
				"attrs": [
					{
						"fill": "rgb(27, 0, 72)"
					},
					{
						"fill": "rgb(27, 0, 72)"
					}
				],
				"isMulticolor": false,
				"grid": 0,
				"tags": [
					"faith-circle-8"
				]
			},
			"attrs": [
				{
					"fill": "rgb(27, 0, 72)"
				},
				{
					"fill": "rgb(27, 0, 72)"
				}
			],
			"properties": {
				"order": 9,
				"id": 18,
				"prevSize": 32,
				"code": 59656,
				"name": "faith-circle-8"
			},
			"setIdx": 0,
			"setId": 0,
			"iconIdx": 8
		},
		{
			"icon": {
				"paths": [
					"M512 1024c-281.6 0-512-230.4-512-512s230.4-512 512-512 512 230.4 512 512c0 281.6-230.4 512-512 512zM512 44.8c-259.2 0-467.2 208-467.2 467.2s211.2 467.2 467.2 467.2 467.2-208 467.2-467.2c0-259.2-208-467.2-467.2-467.2z",
					"M387.2 675.2c28.8 25.6 67.2 41.6 105.6 41.6 70.4 0 89.6-89.6 92.8-160-25.6 16-57.6 28.8-99.2 28.8-96 0-160-73.6-160-179.2 0-118.4 70.4-185.6 185.6-185.6 153.6 0 195.2 121.6 195.2 268.8s-35.2 313.6-208 313.6c-60.8 0-128-22.4-163.2-57.6l51.2-70.4zM512 307.2c-51.2 0-64 44.8-64 89.6 0 57.6 16 102.4 67.2 102.4 28.8 0 57.6-12.8 76.8-25.6-6.4-76.8-16-166.4-80-166.4z"
				],
				"attrs": [
					{
						"fill": "rgb(27, 0, 72)"
					},
					{
						"fill": "rgb(27, 0, 72)"
					}
				],
				"isMulticolor": false,
				"grid": 0,
				"tags": [
					"faith-circle-9"
				]
			},
			"attrs": [
				{
					"fill": "rgb(27, 0, 72)"
				},
				{
					"fill": "rgb(27, 0, 72)"
				}
			],
			"properties": {
				"order": 10,
				"id": 17,
				"prevSize": 32,
				"code": 59657,
				"name": "faith-circle-9"
			},
			"setIdx": 0,
			"setId": 0,
			"iconIdx": 9
		},
		{
			"icon": {
				"paths": [
					"M512 0c-281.6 0-512 230.4-512 512s230.4 512 512 512c281.6 0 512-230.4 512-512s-230.4-512-512-512zM979.2 467.2c-144-137.6-140.8-140.8-316.8-313.6-28.8 32-57.6 60.8-92.8 99.2-22.4 25.6-60.8 57.6-83.2 83.2-6.4-6.4-12.8-12.8-19.2-19.2-6.4-19.2 25.6 3.2 19.2-19.2-6.4-19.2-70.4-73.6-80-92.8-38.4-48 35.2 22.4 76.8 64-9.6-19.2 28.8 28.8 32 25.6 9.6-9.6 16-16-35.2-80-12.8-16 9.6-9.6 12.8-12.8-44.8-44.8-89.6-89.6-134.4-134.4 48-16 99.2-25.6 153.6-25.6 243.2 3.2 444.8 188.8 467.2 425.6zM656 604.8c-12.8 12.8-25.6 28.8-41.6 41.6l-6.4-6.4c16-16 32-28.8 41.6-41.6-3.2-3.2-6.4-6.4-9.6-9.6s12.8-16 25.6-32c-12.8 12.8-41.6 41.6-57.6 57.6-3.2-3.2-6.4-6.4-9.6-9.6s12.8-16 25.6-32c-3.2-3.2 6.4-22.4-9.6-9.6l-38.4 44.8c28.8-32 48-57.6 57.6-73.6 3.2 3.2 6.4 6.4 6.4 6.4 32 25.6 19.2 6.4 25.6 3.2-9.6-9.6-16-16-25.6-25.6 3.2-6.4 3.2-12.8 3.2-16-3.2 3.2-6.4 6.4-9.6 9.6-3.2-3.2-3.2-3.2-6.4-6.4 28.8-38.4 44.8-67.2-6.4-22.4-3.2 3.2-6.4 6.4-9.6 9.6-19.2-19.2-35.2-35.2-54.4-54.4 35.2-32 67.2-67.2 102.4-99.2-32-32 147.2 147.2 172.8 169.6-22.4 22.4-156.8 163.2-172.8 179.2l-3.2-3.2h-3.2l-16-16-22.4-19.2c9.6-9.6 19.2-19.2 28.8-28.8 3.2 3.2 0 0 12.8-16zM566.4 713.6c0 0 0 0 0 0 0-3.2 3.2-6.4 6.4-9.6 9.6 9.6 19.2 19.2 22.4 25.6 19.2 25.6-3.2 9.6-28.8-16 0 0 0 0 0 0v0zM537.6 572.8c-19.2-19.2-35.2-35.2-54.4-54.4 22.4-22.4 44.8-44.8 67.2-67.2 19.2 16 35.2 35.2 54.4 51.2-22.4 25.6-44.8 48-67.2 70.4zM563.2 697.6c-3.2 3.2-6.4 6.4-6.4 6.4l-6.4-6.4c3.2-3.2 6.4-6.4 6.4-6.4 3.2 0 6.4 3.2 6.4 6.4zM524.8 755.2v0c0 0 0 0 0 0s0 0 0 0zM44.8 524.8c0-3.2 0-9.6 0-12.8s0-9.6 0-12.8c89.6-92.8 179.2-185.6 268.8-278.4 51.2 51.2 102.4 99.2 150.4 147.2-19.2 16-35.2 32-51.2 51.2 3.2 3.2 6.4 6.4-3.2 19.2 16-16 41.6-44.8 60.8-64 3.2 3.2 3.2 3.2 6.4 6.4-19.2 19.2-48 41.6-64 60.8 3.2 3.2 6.4 6.4 9.6 9.6s-9.6 12.8-19.2 22.4c9.6-9.6 32-32 41.6-41.6 3.2 3.2 6.4 6.4 9.6 9.6s-9.6 12.8-19.2 22.4c3.2 3.2 0 12.8 3.2 12.8 0 0 0 0 0 0-22.4-19.2-16-3.2-19.2 0 6.4 6.4 12.8 12.8 22.4 19.2-6.4 12.8-9.6 22.4-6.4 25.6 6.4-9.6 12.8-9.6 19.2-12.8 0 0 0 0 0 0-22.4 35.2-41.6 67.2 0 32 6.4-6.4 9.6-9.6 16-16 19.2 19.2 38.4 38.4 51.2 54.4-70.4 70.4-140.8 137.6-211.2 208-86.4-83.2-176-172.8-265.6-262.4zM480 448c-12.8 16-22.4 28.8-28.8 38.4-3.2-3.2-3.2-3.2-6.4-6.4 0 0 3.2 0 6.4-3.2l28.8-28.8zM489.6 342.4l12.8-12.8c-3.2 3.2-9.6 6.4-12.8 12.8 0 0 0 0 0 0zM611.2 531.2c3.2-3.2 6.4-6.4 6.4-9.6 0 0 0 0 0 0 0 3.2-3.2 6.4-6.4 9.6zM835.2 512c6.4-3.2 3.2-3.2 0 0 0 0 0 0 0 0zM512 979.2c-57.6 0-115.2-12.8-166.4-32 38.4-38.4 73.6-76.8 86.4-89.6 25.6-28.8 70.4-67.2 102.4-99.2 44.8 41.6 86.4 86.4 131.2 131.2 38.4-38.4 80-80 121.6-121.6 22.4-22.4 44.8-48 67.2-70.4 38.4-41.6 80-86.4 128-134.4-32 233.6-230.4 416-470.4 416z"
				],
				"attrs": [
					{
						"fill": "rgb(27, 0, 72)"
					}
				],
				"isMulticolor": false,
				"grid": 0,
				"tags": [
					"faith-circle-corruption"
				]
			},
			"attrs": [
				{
					"fill": "rgb(27, 0, 72)"
				}
			],
			"properties": {
				"order": 11,
				"id": 16,
				"prevSize": 32,
				"code": 59658,
				"name": "faith-circle-corruption"
			},
			"setIdx": 0,
			"setId": 0,
			"iconIdx": 10
		},
		{
			"icon": {
				"paths": [
					"M512 0c-281.6 0-512 230.4-512 512s230.4 512 512 512c281.6 0 512-230.4 512-512s-230.4-512-512-512zM512 979.2c-259.2 0-467.2-208-467.2-467.2 0-92.8 28.8-179.2 73.6-252.8 86.4-83.2 214.4-128 336-112 131.2 16 256 92.8 304 211.2 54.4 115.2 28.8 262.4-54.4 355.2s-233.6 108.8-336 41.6c-51.2-32-86.4-83.2-92.8-140.8-9.6-57.6 6.4-118.4 41.6-163.2 35.2-41.6 89.6-67.2 144-60.8 25.6 3.2 54.4 12.8 76.8 28.8 19.2 16 35.2 35.2 44.8 57.6 19.2 48 3.2 108.8-32 134.4-35.2 28.8-96 25.6-124.8-6.4-12.8-12.8-19.2-35.2-19.2-54.4 3.2-19.2 12.8-38.4 28.8-44.8 12.8-9.6 32-9.6 48 0 12.8 6.4 16 19.2 16 32 0 6.4-3.2 9.6-3.2 12.8-3.2 6.4-3.2 9.6-3.2 9.6 3.2 0 9.6-3.2 12.8-3.2 22.4-28.8-3.2-70.4-44.8-70.4-38.4-3.2-67.2 32-73.6 67.2-3.2 25.6-9.6-25.6-19.2-3.2 0 12.8 0 35.2 9.6 54.4s25.6 35.2 35.2 41.6c22.4 25.6-35.2-3.2-16 22.4 9.6 12.8 54.4 35.2 99.2 35.2s86.4-25.6 102.4-38.4c22.4-16 28.8-25.6 25.6-22.4 0 3.2-9.6 16-28.8 32s-48 32-80 35.2c-32 6.4-67.2 0-92.8-9.6 16 9.6-3.2 3.2-22.4-9.6-22.4-12.8-41.6-35.2-44.8-32s-9.6 6.4 3.2 28.8c6.4 9.6 19.2 22.4 41.6 35.2s54.4 28.8 102.4 28.8c48-3.2 0 12.8 0 19.2 76.8-3.2 153.6-48 188.8-115.2 38.4-64 48-144 25.6-214.4s-80-134.4-144-163.2c-64-32-140.8-38.4-211.2-19.2-67.2 16-131.2 57.6-169.6 118.4-38.4 57.6-60.8 124.8-60.8 192-3.2 134.4 83.2 265.6 198.4 316.8 92.8 44.8 211.2 54.4 313.6 16 105.6-35.2 195.2-124.8 236.8-227.2 44.8-102.4 51.2-220.8 19.2-323.2-32-105.6-102.4-192-185.6-243.2-28.8-19.2-64-38.4-105.6-54.4 214.4 44.8 371.2 233.6 371.2 457.6 0 259.2-208 467.2-467.2 467.2z"
				],
				"attrs": [
					{
						"fill": "rgb(27, 0, 72)"
					}
				],
				"isMulticolor": false,
				"grid": 0,
				"tags": [
					"faith-circle-fascination"
				]
			},
			"attrs": [
				{
					"fill": "rgb(27, 0, 72)"
				}
			],
			"properties": {
				"order": 12,
				"id": 15,
				"prevSize": 32,
				"code": 59659,
				"name": "faith-circle-fascination"
			},
			"setIdx": 0,
			"setId": 0,
			"iconIdx": 11
		},
		{
			"icon": {
				"paths": [
					"M512 0c-281.6 0-512 230.4-512 512s230.4 512 512 512 512-230.4 512-512-230.4-512-512-512zM44.8 512c0-259.2 208-467.2 467.2-467.2 105.6 0 201.6 35.2 281.6 96-25.6 48-32 67.2-35.2 70.4-9.6 0-67.2 6.4-76.8 6.4-19.2-25.6-41.6-51.2-60.8-76.8l-32-41.6-9.6-9.6c-3.2 0-6.4 3.2-9.6 3.2l-22.4 9.6c-28.8 12.8-60.8 25.6-86.4 41.6l-80 51.2c-6.4 3.2-16 6.4-16 12.8l9.6 25.6 16 48c9.6 25.6 19.2 54.4 28.8 80l-6.4 6.4c-9.6 9.6-19.2 22.4-28.8 35.2l-6.4 9.6-3.2 3.2-3.2 6.4c-22.4-3.2-48-6.4-73.6-9.6l-48-6.4-22.4-3.2h-19.2l-3.2 6.4c-12.8 28.8-25.6 57.6-35.2 86.4s-35.2 108.8-22.4 144c44.8 22.4 92.8 41.6 102.4 44.8-12.8-6.4-54.4-25.6-83.2-41.6l-12.8-6.4c-3.2-3.2-9.6-3.2-6.4-9.6l3.2-25.6c3.2-16 6.4-35.2 9.6-54.4-0 35.2-3.2 60.8-6.4 89.6 22.4 12.8 48 25.6 73.6 38.4 16 9.6 32 16 51.2 25.6 9.6 3.2 12.8 3.2 19.2 6.4-3.2-3.2 6.4 92.8 6.4 86.4-3.2 6.4-6.4 6.4-16 16 3.2 3.2 6.4 6.4-25.6 35.2 9.6-9.6 22.4-19.2 35.2-28.8 9.6-6.4 16-12.8 22.4-19.2-6.4-6.4-16-89.6-12.8-96-6.4-3.2-12.8-6.4-19.2-9.6-9.6-6.4-19.2-9.6-28.8-16l3.2-6.4c9.6 3.2 19.2 9.6 32 12.8 6.4 3.2 16 6.4 22.4 12.8-3.2 16 3.2 92.8 9.6 108.8-22.4 19.2-41.6 35.2-60.8 51.2 3.2 3.2 6.4 6.4 6.4 9.6 0 0-9.6 9.6-22.4 22.4-3.2 3.2-9.6 6.4-12.8 9.6-115.2-89.6-192-227.2-192-384zM294.4 547.2v0 0 0 0zM294.4 886.4l38.4-28.8c16-12.8 32-25.6 44.8-38.4-3.2-16-6.4-28.8-9.6-44.8 3.2 16 6.4 32 12.8 44.8-28.8 25.6-57.6 48-83.2 73.6l-16 19.2-3.2 3.2c-12.8-6.4-22.4-16-35.2-22.4 12.8-9.6 25.6-19.2 35.2-28.8 25.6-19.2 48-38.4 64-51.2 3.2 0 9.6 3.2 12.8 6.4 3.2 0-32 28.8-67.2 57.6 0 3.2-22.4 28.8 6.4 9.6zM300.8 931.2c0 0 0-3.2 0 0-3.2-3.2-6.4-6.4 0-9.6-3.2 0-3.2 3.2 0 9.6zM387.2 963.2c28.8-9.6 54.4-19.2 83.2-28.8l38.4 41.6 6.4 3.2c0 0 0 0-3.2 0-44.8-0-86.4-6.4-124.8-16zM534.4 979.2v0l-19.2-16-44.8-44.8c-38.4 12.8-73.6 25.6-112 38.4-9.6-3.2-19.2-6.4-32-12.8 0 0 0 0 0-3.2-3.2-6.4-6.4-12.8-3.2-12.8l112-89.6-16-64-3.2-22.4-3.2-12.8v-35.2l3.2-67.2-131.2-64 6.4-19.2 144 16 35.2-57.6 12.8-19.2 35.2-35.2 51.2-48-48-137.6c-3.2 3.2 6.4-3.2 9.6-6.4 6.4-9.6 12.8-12.8 9.6-12.8l89.6 115.2 67.2-16 22.4-3.2 12.8-3.2h35.2l67.2 3.2 51.2-105.6c9.6 12.8 19.2 28.8 28.8 41.6l-9.6 83.2 54.4 32c9.6 38.4 16 76.8 16 115.2 0 9.6 0 16 0 25.6-44.8-54.4-112-89.6-176-89.6-73.6-3.2-156.8 22.4-211.2 80-57.6 57.6-80 144-60.8 214.4 6.4 41.6 35.2 112 67.2 121.6-9.6-9.6-19.2-22.4-25.6-32 28.8 28.8 54.4 64 92.8 80 3.2-6.4 3.2-6.4 16-3.2-25.6-9.6-60.8-32-73.6-54.4l6.4-6.4c19.2 16 48 44.8 70.4 51.2 0-3.2 3.2-9.6 3.2-9.6 0-3.2 12.8 3.2 22.4 6.4-12.8-3.2-32-12.8-41.6-19.2 0-3.2 3.2-6.4 6.4-9.6s9.6 3.2 22.4 6.4c3.2-6.4 12.8-6.4 6.4-12.8-9.6-3.2-19.2-9.6-25.6-16 35.2 19.2 60.8 6.4 60.8 0-9.6 0-6.4-6.4-16-6.4 28.8 0 48-9.6 22.4-19.2-60.8-16-99.2-83.2-86.4-140.8 9.6-60.8 73.6-105.6 137.6-96 64 6.4 112 70.4 105.6 134.4s-67.2 121.6-134.4 115.2c-16 3.2-9.6 6.4-9.6 12.8 35.2 3.2 67.2-6.4 89.6-12.8 3.2-3.2 3.2 3.2 3.2 6.4-80 80-192 131.2-313.6 137.6z"
				],
				"attrs": [
					{
						"fill": "rgb(27, 0, 72)"
					}
				],
				"isMulticolor": false,
				"grid": 0,
				"tags": [
					"faith-circle-machinery"
				]
			},
			"attrs": [
				{
					"fill": "rgb(27, 0, 72)"
				}
			],
			"properties": {
				"order": 25,
				"id": 14,
				"prevSize": 32,
				"code": 59660,
				"name": "faith-circle-machinery"
			},
			"setIdx": 0,
			"setId": 0,
			"iconIdx": 12
		},
		{
			"icon": {
				"paths": [
					"M512 0c-281.6 0-512 230.4-512 512s230.4 512 512 512 512-230.4 512-512c0-281.6-230.4-512-512-512zM588.8 780.8c-3.2 12.8-9.6 25.6-16 38.4 22.4-54.4 6.4-83.2 0-83.2 0 12.8-6.4 12.8-6.4 25.6 0-38.4-12.8-73.6-19.2-25.6-9.6 99.2-105.6 179.2-204.8 172.8-99.2-3.2-185.6-96-182.4-195.2-3.2-102.4 89.6-195.2 192-195.2 83.2-3.2 163.2 51.2 192 131.2 3.2 9.6 6.4 19.2 9.6 28.8s3.2 19.2 3.2 28.8c3.2 22.4 9.6 12.8 12.8 12.8 12.8 22.4 28.8 41.6 48 60.8-3.2 16-9.6 32-12.8 41.6-3.2 0-6.4-3.2-9.6-3.2s3.2-16 6.4-28.8c-3.2-6.4-6.4-22.4-12.8-9.6zM604.8 576c-9.6 9.6 0 54.4 0 67.2 6.4 35.2-19.2-19.2-16-57.6-6.4 12.8 0-22.4-3.2-25.6-9.6 0-25.6-3.2-32 51.2 0 6.4-3.2 6.4-6.4 6.4-6.4-12.8-12.8-25.6-19.2-35.2-6.4-6.4 19.2 6.4 16-6.4-6.4-12.8-25.6-32-38.4-38.4-3.2-9.6 6.4-9.6 12.8-9.6 54.4 6.4 115.2-3.2 166.4-28.8-12.8 16-22.4 32-32 48-3.2 9.6-6.4-12.8-16-6.4-3.2 9.6-6.4 28.8-6.4 38.4-9.6 9.6-16-12.8-25.6-3.2zM710.4 486.4c3.2-3.2 3.2-6.4 3.2-9.6 3.2 0 3.2-3.2 6.4-3.2-6.4 9.6-3.2 16 12.8 6.4 54.4-32 131.2-12.8 166.4 41.6 35.2 51.2 22.4 131.2-32 166.4-51.2 38.4-134.4 28.8-172.8-22.4-44.8-51.2-35.2-134.4 16-179.2zM691.2 80c-3.2-3.2-9.6-3.2-12.8-6.4 3.2 0 3.2 0 6.4 3.2s6.4 3.2 6.4 3.2zM822.4 355.2c9.6 0 19.2 3.2 28.8 3.2-12.8 0-22.4-3.2-28.8-3.2-3.2 0-3.2 0 0 0zM972.8 419.2c-9.6-9.6-22.4-19.2-32-25.6-28.8-22.4-83.2-44.8-115.2-41.6 16-41.6 22.4-86.4 16-128 0-16-6.4-35.2-9.6-54.4 67.2 64 118.4 150.4 140.8 249.6zM649.6 64c-16-3.2-28.8 3.2-28.8 6.4 9.6 0 9.6 9.6 19.2 9.6-32-6.4-60.8 0-25.6 12.8 76.8 28.8 121.6 118.4 99.2 195.2-19.2 80-108.8 131.2-188.8 112-83.2-16-140.8-105.6-124.8-188.8s102.4-147.2 188.8-131.2c19.2 0 12.8-6.4 12.8-12.8-41.6-9.6-83.2 0-115.2 9.6-9.6 3.2 6.4-16-6.4-16-9.6 3.2-32 16-41.6 22.4-16 0 0-19.2-16-19.2s-51.2 41.6-60.8 51.2c-25.6 32 3.2-32 38.4-57.6-6.4 0-3.2 0 0-3.2 35.2-6.4 70.4-12.8 105.6-12.8 54.4 3.2 102.4 9.6 144 22.4zM313.6 89.6c-48 70.4-60.8 163.2-32 246.4 6.4 19.2 16 35.2 25.6 54.4-41.6 6.4-83.2 19.2-121.6 44.8-64 38.4-108.8 99.2-134.4 169.6-3.2-32-6.4-60.8-6.4-92.8 0-185.6 108.8-348.8 268.8-422.4zM518.4 979.2c6.4-3.2 12.8-6.4 19.2-9.6 28.8-19.2 51.2-44.8 54.4-60.8-12.8 12.8-22.4 25.6-38.4 38.4 35.2-41.6 70.4-80 86.4-131.2-6.4-3.2-6.4-3.2-6.4-19.2-9.6 32-28.8 80-54.4 105.6l-3.2-6.4c19.2-25.6 48-67.2 54.4-102.4-3.2 0-6.4-3.2-9.6-3.2s0-6.4 0-12.8c22.4 22.4 48 38.4 76.8 51.2 48 19.2 102.4 22.4 153.6 9.6-86.4 86.4-201.6 140.8-332.8 140.8z"
				],
				"attrs": [
					{
						"fill": "rgb(27, 0, 72)"
					}
				],
				"isMulticolor": false,
				"grid": 0,
				"tags": [
					"faith-circle-resonance"
				]
			},
			"attrs": [
				{
					"fill": "rgb(27, 0, 72)"
				}
			],
			"properties": {
				"order": 27,
				"id": 13,
				"prevSize": 32,
				"code": 59661,
				"name": "faith-circle-resonance"
			},
			"setIdx": 0,
			"setId": 0,
			"iconIdx": 13
		},
		{
			"icon": {
				"paths": [
					"M512 0c-281.6 0-512 230.4-512 512s230.4 512 512 512c281.6 0 512-230.4 512-512s-230.4-512-512-512zM790.4 774.4l-86.4 156.8c-3.2 6.4-3.2 6.4-3.2 6.4v0 0 0 0 0 0c0 0 0 0-3.2-6.4l-89.6-150.4h-188.8v-6.4l3.2-6.4 64-112c28.8 0 57.6 3.2 89.6 0 0-6.4 0-9.6 19.2-9.6-28.8 0-67.2 0-102.4 0l6.4-9.6c35.2 0 70.4 3.2 99.2 0 0-3.2 0-9.6 0-9.6 0-3.2 19.2-3.2 38.4-3.2 0 0 0 0 0 0 22.4 35.2 16 12.8 22.4 9.6-9.6-16-19.2-35.2-28.8-51.2 19.2-3.2 32-9.6 32-12.8-19.2 3.2-22.4-6.4-41.6-3.2 0 0 0 0 0 0 60.8-9.6 124.8-19.2 41.6-22.4-19.2 0-35.2 0-54.4 0-19.2-35.2-38.4-70.4-54.4-99.2h54.4c32-54.4 60.8-108.8 92.8-163.2 32 57.6 64 115.2 96 172.8h176c3.2 0 6.4 0 6.4 0s0 3.2-3.2 6.4l-89.6 153.6 54.4 92.8c-9.6 22.4-22.4 44.8-38.4 67.2l-112 0zM387.2 384c-16-3.2-60.8-6.4-102.4-6.4 19.2 32 38.4 64 41.6 80 35.2 70.4-9.6-3.2-60.8-89.6 25.6 0 54.4 0 76.8 0-41.6-6.4 73.6 0 73.6-6.4-3.2-12.8 9.6-22.4-211.2-32h-6.4c9.6 19.2 0 9.6-12.8-3.2l3.2-3.2 92.8-163.2 22.4-41.6 12.8-25.6 3.2 3.2 9.6 16 22.4 38.4 96 160c19.2 32 38.4 67.2 57.6 99.2-25.6 0-80 0-105.6 0-12.8-3.2-9.6-9.6-6.4-12.8 6.4-3.2 12.8-9.6-6.4-12.8zM60.8 544v0l9.6-19.2 25.6-38.4 86.4-153.6c41.6 70.4 80 140.8 121.6 211.2-80 0-160 0-243.2 0v0zM512 419.2c3.2 3.2 3.2 6.4 6.4 9.6-3.2 0-6.4 0-9.6 0-19.2 0-6.4-6.4 3.2-9.6zM416 448h112c19.2 32 38.4 67.2 57.6 99.2-38.4 0-80 0-118.4 0l-48-80-9.6-19.2h6.4zM595.2 595.2h-60.8c35.2 0 57.6-3.2 80-6.4 6.4 12.8 12.8 22.4 22.4 35.2-22.4 0-60.8 0-80 0 0-3.2 0-9.6 0-9.6 0-3.2 19.2-3.2 41.6-3.2-3.2-6.4 16-12.8-3.2-16zM707.2 262.4c0 0 0 0 0 0 3.2 3.2 3.2 6.4 6.4 9.6-3.2-3.2-3.2-6.4-6.4-9.6zM976 457.6v0 0 0 0 0c0 0 0 0 0 0zM944 329.6c-9.6 0-19.2 3.2-28.8 3.2h28.8c0 0 0 3.2 0 3.2-9.6 0-19.2 0-28.8 0-12.8 0-28.8 0-41.6 0h-16l-9.6-19.2c-9.6-12.8-16-25.6-25.6-41.6-3.2 3.2-3.2 6.4-22.4-19.2 16 25.6 35.2 60.8 54.4 92.8 22.4 0 41.6 0 60.8 0v9.6c-12.8 0-25.6 0-38.4 0-9.6 0-19.2 0-28.8 0-9.6-19.2-38.4-70.4-54.4-96-3.2 0-6.4 3.2-9.6 6.4-3.2 0-16-25.6-32-51.2 16 25.6 44.8 76.8 60.8 102.4-3.2 0-6.4 3.2-9.6 6.4-3.2 0-16-25.6-32-51.2-6.4 3.2-25.6-19.2-12.8 6.4l44.8 76.8c-35.2-57.6-60.8-96-83.2-118.4 6.4-12.8 12.8-25.6 22.4-38.4 25.6-54.4 6.4-28.8 3.2-32-12.8 19.2-22.4 38.4-32 57.6-9.6-9.6-19.2-16-19.2-12.8 9.6 12.8 9.6 19.2 12.8 25.6 0 0-3.2 3.2-3.2 3.2-44.8-64-86.4-112-35.2-16 3.2 16 9.6 28.8 16 41.6-3.2 9.6-9.6 19.2-12.8 25.6-28.8 48-54.4 89.6-80 134.4-12.8 0-22.4 0-35.2 0 0 0 0 0 0 0-9.6-19.2-32-54.4-41.6-70.4-3.2-22.4 25.6 9.6 22.4-12.8s-48-92.8-54.4-112c-25.6-57.6 28.8 32 57.6 86.4-6.4-19.2 19.2 35.2 25.6 32 9.6-6.4 19.2-9.6-16-86.4-6.4-19.2 9.6-6.4 16-9.6-38.4-67.2-80-137.6-121.6-208 22.4-3.2 44.8-6.4 67.2-6.4 195.2 3.2 361.6 118.4 432 288zM70.4 668.8c9.6 0 16 0 25.6 0 51.2 0 99.2 0 147.2-3.2 22.4 0 48 0 76.8 0-38.4 67.2-76.8 131.2-115.2 198.4-60.8-51.2-105.6-118.4-134.4-195.2zM281.6 921.6c48 0 99.2 0 147.2 0h92.8l3.2 3.2 3.2 6.4 9.6 16 22.4 35.2c-16 3.2-32 3.2-51.2 3.2-80-6.4-156.8-25.6-227.2-64z"
				],
				"attrs": [
					{
						"fill": "rgb(27, 0, 72)"
					}
				],
				"isMulticolor": false,
				"grid": 0,
				"tags": [
					"faith-circle-violence"
				]
			},
			"attrs": [
				{
					"fill": "rgb(27, 0, 72)"
				}
			],
			"properties": {
				"order": 13,
				"id": 12,
				"prevSize": 32,
				"code": 59662,
				"name": "faith-circle-violence"
			},
			"setIdx": 0,
			"setId": 0,
			"iconIdx": 14
		},
		{
			"icon": {
				"paths": [
					"M992 438.4l-406.4-406.4c-41.6-41.6-105.6-41.6-147.2 0l-406.4 406.4c-41.6 41.6-41.6 105.6 0 147.2l406.4 406.4c19.2 19.2 48 32 73.6 32s54.4-9.6 73.6-32l406.4-406.4c41.6-41.6 41.6-105.6 0-147.2zM716.8 601.6c-9.6 9.6-25.6 25.6-38.4 38.4l-6.4-6.4c12.8-12.8 28.8-25.6 38.4-38.4-3.2-3.2-6.4-6.4-6.4-6.4-3.2-3.2 9.6-16 25.6-28.8-12.8 12.8-38.4 38.4-51.2 51.2-3.2-3.2-6.4-6.4-6.4-6.4-3.2-3.2 9.6-16 25.6-28.8-3.2-3.2 6.4-19.2-9.6-9.6l-38.4 38.4c25.6-28.8 44.8-51.2 51.2-67.2 3.2 3.2 3.2 3.2 6.4 6.4 28.8 25.6 19.2 6.4 22.4 3.2-6.4-6.4-16-16-22.4-22.4 3.2-6.4 3.2-12.8 3.2-12.8-3.2 3.2-6.4 6.4-6.4 9.6-3.2-3.2-3.2-3.2-6.4-6.4 25.6-35.2 41.6-64-3.2-19.2-3.2 3.2-6.4 6.4-9.6 6.4-16-16-32-32-48-48 32-28.8 60.8-60.8 92.8-89.6-28.8-28.8 134.4 134.4 156.8 156.8-19.2 22.4-144 147.2-160 163.2h-3.2l-38.4-38.4c9.6-9.6 19.2-16 25.6-25.6-3.2-3.2-3.2-6.4 6.4-19.2zM633.6 700.8c0 0 0 0 0 0 0-3.2 3.2-6.4 6.4-9.6 9.6 9.6 19.2 19.2 19.2 25.6 19.2 22.4 0 6.4-25.6-16 0 0 3.2 0 0 0v0zM608 569.6c-16-16-32-32-51.2-48 19.2-19.2 41.6-41.6 60.8-60.8 16 16 32 32 48 48-16 22.4-38.4 41.6-57.6 60.8zM633.6 684.8c-3.2 3.2-6.4 3.2-6.4 6.4l-6.4-6.4c3.2-3.2 3.2-6.4 6.4-6.4 3.2 3.2 3.2 3.2 6.4 6.4zM598.4 739.2v0c0 0 0 0 0 0s0 0 0 0zM144 515.2c86.4-89.6 172.8-176 259.2-265.6 48 44.8 92.8 89.6 137.6 134.4-16 16-32 28.8-48 48 3.2 3.2 6.4 6.4-3.2 16 16-16 38.4-38.4 57.6-57.6 3.2 3.2 3.2 3.2 6.4 6.4-16 19.2-41.6 38.4-57.6 57.6 3.2 3.2 6.4 6.4 6.4 6.4 3.2 3.2-6.4 9.6-16 19.2 9.6-9.6 28.8-28.8 38.4-38.4 3.2 3.2 6.4 6.4 6.4 6.4 3.2 3.2-6.4 9.6-16 19.2 3.2 3.2 0 9.6 3.2 12.8 0 0 0 0 0 0-19.2-16-16-3.2-19.2 0 6.4 6.4 12.8 12.8 19.2 19.2-6.4 12.8-6.4 22.4-3.2 25.6 6.4-9.6 9.6-6.4 16-12.8 0 0 0 0 0 0-22.4 32-38.4 64 0 28.8 6.4-6.4 9.6-9.6 16-16 19.2 19.2 35.2 35.2 48 51.2-64 64-128 128-192 188.8-86.4-76.8-172.8-163.2-259.2-249.6zM556.8 457.6c-12.8 12.8-19.2 25.6-25.6 35.2-3.2-3.2-3.2-3.2-6.4-6.4 0 0 3.2 0 6.4-3.2l25.6-25.6zM566.4 358.4l12.8-12.8c-6.4 6.4-9.6 9.6-12.8 12.8 0 0 0 0 0 0zM675.2 534.4c3.2-3.2 3.2-6.4 6.4-9.6 0 0 0 0 0 0 0 3.2-3.2 3.2-6.4 9.6zM883.2 518.4c0 0 0 0 0 0 3.2-6.4 3.2-6.4 0 0zM464 57.6c12.8-12.8 28.8-19.2 48-19.2s35.2 6.4 48 19.2l147.2 147.2c-22.4 22.4-44.8 44.8-70.4 73.6-19.2 22.4-57.6 51.2-76.8 76.8-6.4-6.4-12.8-12.8-16-16-6.4-19.2 25.6 0 16-16-6.4-19.2-64-67.2-73.6-83.2-35.2-41.6 32 19.2 70.4 60.8-9.6-16 25.6 25.6 28.8 22.4 6.4-6.4 16-16-32-73.6-9.6-16 6.4-6.4 12.8-12.8-44.8-44.8-92.8-92.8-140.8-140.8l38.4-38.4zM560 966.4c-25.6 25.6-70.4 25.6-96 0l-41.6-41.6c35.2-38.4 73.6-76.8 86.4-89.6 25.6-25.6 64-60.8 92.8-92.8 28.8 28.8 60.8 60.8 89.6 89.6l-131.2 134.4z"
				],
				"attrs": [
					{
						"fill": "rgb(27, 0, 72)"
					}
				],
				"isMulticolor": false,
				"grid": 0,
				"tags": [
					"faith-diamond-corruption"
				]
			},
			"attrs": [
				{
					"fill": "rgb(27, 0, 72)"
				}
			],
			"properties": {
				"order": 14,
				"id": 11,
				"prevSize": 32,
				"code": 59663,
				"name": "faith-diamond-corruption"
			},
			"setIdx": 0,
			"setId": 0,
			"iconIdx": 15
		},
		{
			"icon": {
				"paths": [
					"M992 438.4l-406.4-406.4c-41.6-41.6-105.6-41.6-147.2 0l-406.4 406.4c-41.6 41.6-41.6 105.6 0 147.2l406.4 406.4c19.2 19.2 48 32 73.6 32s54.4-9.6 73.6-32l406.4-406.4c41.6-41.6 41.6-105.6 0-147.2zM464 57.6c12.8-12.8 28.8-19.2 48-19.2s35.2 6.4 48 19.2l86.4 86.4c-35.2-19.2-76.8-35.2-118.4-44.8-35.2-9.6-67.2-9.6-96-9.6l32-32zM470.4 96c-16 0-28.8 0-44.8 0h0c16 0 28.8 0 44.8 0zM38.4 512c0-19.2 6.4-35.2 19.2-48l236.8-236.8c54.4-19.2 112-25.6 169.6-19.2 118.4 12.8 230.4 83.2 275.2 188.8 48 102.4 25.6 236.8-51.2 316.8-73.6 83.2-208 99.2-300.8 35.2-44.8-28.8-76.8-73.6-83.2-124.8-9.6-51.2 6.4-105.6 35.2-147.2 28.8-38.4 80-60.8 131.2-54.4 25.6 3.2 48 12.8 67.2 25.6s32 32 41.6 54.4c16 41.6 3.2 96-28.8 121.6s-86.4 22.4-112-6.4c-12.8-12.8-19.2-32-16-48 3.2-19.2 12.8-35.2 25.6-41.6s28.8-6.4 41.6 0c9.6 6.4 16 16 12.8 28.8 0 6.4-3.2 9.6-3.2 9.6-3.2 6.4-3.2 6.4-3.2 9.6 3.2 0 9.6-3.2 9.6-3.2 19.2-25.6-3.2-64-38.4-64-35.2-3.2-60.8 28.8-64 60.8-3.2 22.4-9.6-22.4-16 0 0 12.8 0 32 9.6 48 6.4 16 22.4 32 32 38.4 19.2 22.4-32-3.2-12.8 19.2 9.6 12.8 48 32 89.6 28.8 41.6 0 76.8-22.4 89.6-32 19.2-16 25.6-22.4 22.4-19.2 0 3.2-9.6 16-25.6 28.8s-41.6 28.8-70.4 32c-28.8 6.4-60.8 0-83.2-9.6 16 9.6 0 3.2-22.4-6.4-19.2-9.6-38.4-32-38.4-28.8-3.2 3.2-9.6 6.4 3.2 25.6 6.4 9.6 16 19.2 35.2 32s48 25.6 92.8 25.6c41.6-3.2 0 12.8 0 16 67.2-3.2 137.6-44.8 169.6-102.4 35.2-57.6 44.8-128 22.4-192-19.2-64-70.4-118.4-128-147.2-57.6-32-128-38.4-188.8-22.4-64 16-118.4 57.6-153.6 108.8s-54.4 112-54.4 172.8c0 38.4 6.4 76.8 19.2 112l-137.6-137.6c-12.8-12.8-19.2-28.8-19.2-48zM560 966.4c-25.6 25.6-70.4 25.6-96 0l-89.6-89.6c80 32 172.8 38.4 259.2 6.4 3.2 0 6.4-3.2 9.6-3.2l-83.2 86.4zM966.4 560l-115.2 115.2c38.4-89.6 41.6-192 12.8-281.6-6.4-19.2-12.8-35.2-19.2-51.2l121.6 121.6c12.8 12.8 19.2 28.8 19.2 48s-6.4 35.2-19.2 48z"
				],
				"attrs": [
					{
						"fill": "rgb(27, 0, 72)"
					}
				],
				"isMulticolor": false,
				"grid": 0,
				"tags": [
					"faith-diamond-fascination"
				]
			},
			"attrs": [
				{
					"fill": "rgb(27, 0, 72)"
				}
			],
			"properties": {
				"order": 15,
				"id": 10,
				"prevSize": 32,
				"code": 59664,
				"name": "faith-diamond-fascination"
			},
			"setIdx": 0,
			"setId": 0,
			"iconIdx": 16
		},
		{
			"icon": {
				"paths": [
					"M992 438.4l-406.4-406.4c-41.6-41.6-105.6-41.6-147.2 0l-406.4 406.4c-41.6 41.6-41.6 105.6 0 147.2l406.4 406.4c19.2 19.2 44.8 32 73.6 32s54.4-9.6 73.6-32l406.4-406.4c41.6-41.6 41.6-105.6 0-147.2zM57.6 464l406.4-406.4c12.8-12.8 28.8-19.2 48-19.2 16 0 35.2 6.4 48 19.2l172.8 172.8c-12.8 25.6-19.2 38.4-19.2 38.4-6.4 0-57.6 6.4-64 6.4-16-22.4-35.2-41.6-51.2-64l-28.8-35.2-6.4-9.6c-3.2 0-6.4 3.2-9.6 3.2l-19.2 9.6c-25.6 12.8-51.2 22.4-73.6 35.2l-67.2 44.8c-3.2 3.2-12.8 6.4-16 12.8l6.4 22.4 12.8 41.6c9.6 22.4 16 44.8 25.6 70.4l-6.4 3.2c-6.4 9.6-16 19.2-22.4 28.8l-6.4 9.6v3.2l-3.2 6.4c-19.2-3.2-41.6-6.4-64-6.4l-41.6-3.2-19.2-3.2h-16l-3.2 3.2c-9.6 25.6-22.4 48-28.8 73.6s-28.8 92.8-19.2 124.8c38.4 19.2 80 35.2 89.6 38.4-12.8-6.4-48-22.4-73.6-35.2l-9.6-9.6c-3.2-3.2-6.4-3.2-6.4-6.4l6.4-25.6c3.2-16 6.4-28.8 9.6-44.8-6.4 25.6-6.4 48-9.6 70.4 19.2 12.8 41.6 22.4 64 32 12.8 6.4 25.6 12.8 41.6 22.4 9.6 6.4 12.8 6.4 16 9.6-3.2-3.2 3.2 76.8 6.4 73.6-3.2 3.2-6.4 6.4-12.8 12.8 3.2 3.2 3.2 6.4-12.8 19.2l-243.2-243.2c-25.6-25.6-25.6-70.4 0-96zM316.8 560v0 0 0 0zM345.6 777.6c-12.8 12.8-25.6 22.4-38.4 32l-6.4-6.4c6.4-3.2 12.8-9.6 19.2-16s12.8-9.6 19.2-16c-3.2-6.4-12.8-76.8-9.6-83.2-3.2-3.2-9.6-6.4-16-9.6-9.6-3.2-16-9.6-25.6-12.8l3.2-6.4c9.6 3.2 16 9.6 25.6 12.8 6.4 3.2 12.8 6.4 19.2 9.6 0 19.2 3.2 80 9.6 96zM380.8 755.2c3.2 12.8 6.4 25.6 9.6 38.4-19.2 16-35.2 32-54.4 48l-3.2-3.2 16-12.8c12.8-9.6 28.8-22.4 38.4-32-3.2-16-6.4-25.6-6.4-38.4zM326.4 825.6l-9.6-9.6c16-12.8 28.8-25.6 41.6-32 3.2 0 6.4 3.2 9.6 3.2 0 3.2-19.2 22.4-41.6 38.4zM464 966.4l-57.6-57.6c19.2-6.4 38.4-12.8 57.6-19.2l57.6 57.6c9.6 6.4 9.6 6.4 25.6 19.2 3.2 3.2 6.4 3.2 9.6 6.4-25.6 19.2-67.2 19.2-92.8-6.4zM665.6 825.6c-6.4-3.2-16-6.4-22.4-12.8 32 16 51.2 6.4 51.2 0-6.4 0-6.4-6.4-12.8-6.4 22.4 0 41.6-9.6 19.2-16-51.2-12.8-86.4-70.4-73.6-121.6 9.6-51.2 64-89.6 115.2-80 51.2 6.4 89.6 54.4 89.6 105.6l-105.6 105.6c-3.2 0-6.4 0-9.6 0-12.8 0-9.6 6.4-9.6 12.8 3.2 0 3.2 0 6.4 0l-41.6 41.6c-9.6-3.2-25.6-9.6-35.2-16 0-3.2 3.2-6.4 6.4-9.6 0-3.2 9.6 3.2 19.2 6.4 0-3.2 9.6-3.2 3.2-9.6zM966.4 560l-35.2 35.2c-32-70.4-108.8-121.6-182.4-121.6-60.8-3.2-134.4 19.2-179.2 70.4-48 48-67.2 124.8-51.2 182.4 6.4 35.2 28.8 96 57.6 105.6-6.4-9.6-16-19.2-22.4-28.8 25.6 25.6 48 54.4 80 70.4 3.2-3.2 3.2-6.4 16-3.2-19.2-9.6-51.2-25.6-64-44.8l6.4-6.4c16 16 38.4 38.4 60.8 44.8 0-3.2 3.2-6.4 3.2-9.6s9.6 0 16 3.2l-105.6 102.4-12.8-6.4-16-9.6-19.2-12.8-51.2-51.2c-25.6 9.6-48 16-70.4 25.6l-32-32 73.6-57.6-12.8-54.4-3.2-19.2v-44.8l3.2-57.6-112-54.4 6.4-19.2 124.8 12.8 28.8-51.2 12.8-16 12.8-19.2 12.8-16 41.6-41.6-41.6-118.4c0 3.2 3.2-3.2 9.6-3.2 3.2-3.2 9.6-3.2 9.6-3.2l76.8 96 57.6-16 19.2-3.2h44.8l57.6 3.2 35.2-70.4 32 32-6.4 54.4 51.2 28.8 16 12.8 19.2 12.8 16 12.8 38.4 41.6h3.2c0 0 0 0 0 0-6.4 16-12.8 32-25.6 44.8z"
				],
				"attrs": [
					{
						"fill": "rgb(27, 0, 72)"
					}
				],
				"isMulticolor": false,
				"grid": 0,
				"tags": [
					"faith-diamond-machinery"
				]
			},
			"attrs": [
				{
					"fill": "rgb(27, 0, 72)"
				}
			],
			"properties": {
				"order": 16,
				"id": 9,
				"prevSize": 32,
				"code": 59665,
				"name": "faith-diamond-machinery"
			},
			"setIdx": 0,
			"setId": 0,
			"iconIdx": 17
		},
		{
			"icon": {
				"paths": [
					"M992 438.4l-406.4-406.4c-41.6-41.6-105.6-41.6-147.2 0l-406.4 406.4c-41.6 41.6-41.6 105.6 0 147.2l406.4 406.4c19.2 19.2 48 32 73.6 32s54.4-9.6 73.6-32l406.4-406.4c41.6-41.6 41.6-105.6 0-147.2zM592 720c-3.2 12.8-6.4 22.4-12.8 35.2 19.2-48 3.2-73.6 0-73.6 0 12.8-6.4 9.6-6.4 22.4 0-35.2-12.8-64-16-22.4-9.6 89.6-92.8 160-182.4 150.4-19.2 0-38.4-6.4-57.6-12.8l-89.6-89.6c-9.6-22.4-16-44.8-16-70.4-3.2-89.6 76.8-172.8 169.6-172.8 80-3.2 153.6 54.4 176 128 0 3.2 0 3.2 0 6.4 3.2 9.6 3.2 19.2 3.2 28.8 3.2 22.4 6.4 12.8 12.8 9.6 0 0 0-3.2 0-3.2 12.8 22.4 25.6 38.4 41.6 57.6-3.2 12.8-9.6 28.8-12.8 38.4-3.2 0-6.4-3.2-9.6-3.2s3.2-12.8 6.4-25.6c-0 0-0-16-6.4-3.2zM416 108.8c-9.6 9.6-16 19.2-22.4 22.4-6.4 6.4-9.6 9.6-9.6 6.4l32-28.8zM598.4 96v0c0 3.2 0 6.4 12.8 12.8l89.6 89.6c6.4 25.6 9.6 57.6 0 83.2-19.2 70.4-96 118.4-169.6 99.2-73.6-16-124.8-92.8-108.8-166.4 12.8-73.6 89.6-131.2 166.4-118.4 6.4 0 6.4 0 9.6 0zM800 336c3.2-9.6 6.4-22.4 9.6-32l41.6 41.6c-19.2-6.4-38.4-9.6-51.2-9.6zM822.4 342.4c-9.6 0-16 0-25.6 0 0 0 0 0 0-3.2 9.6 3.2 16 3.2 25.6 3.2zM608 537.6c-9.6 9.6 0 48 0 60.8 6.4 32-16-16-12.8-51.2-6.4 9.6 0-22.4-3.2-22.4-9.6 0-22.4-3.2-25.6 44.8 0 6.4-3.2 6.4-6.4 6.4-6.4-12.8-9.6-22.4-16-32s16 3.2 12.8-9.6c-6.4-9.6-22.4-28.8-32-35.2-3.2-9.6 6.4-6.4 9.6-9.6 48 6.4 102.4-3.2 147.2-25.6-12.8 16-22.4 28.8-28.8 41.6-3.2 6.4-6.4-9.6-12.8-3.2-3.2 6.4-6.4 25.6-6.4 32-12.8 12.8-19.2-6.4-25.6 3.2zM700.8 457.6c3.2-3.2 3.2-6.4 3.2-6.4s3.2-3.2 3.2-3.2c-3.2 9.6-3.2 12.8 9.6 6.4 48-28.8 118.4-12.8 147.2 35.2 32 44.8 19.2 115.2-28.8 147.2-44.8 35.2-118.4 25.6-153.6-22.4-35.2-41.6-28.8-118.4 19.2-156.8zM512 38.4c16 0 35.2 6.4 48 19.2l25.6 25.6c-32-3.2-60.8 3.2-83.2 9.6-9.6 3.2 6.4-12.8-6.4-12.8-9.6 3.2-28.8 16-35.2 19.2-12.8 0 0-19.2-12.8-16-6.4 0-16 9.6-25.6 19.2l44.8-44.8c9.6-12.8 28.8-19.2 44.8-19.2zM57.6 464l249.6-249.6c-3.2 35.2 0 73.6 12.8 112 6.4 16 12.8 32 22.4 48-38.4 6.4-73.6 19.2-108.8 38.4-70.4 41.6-118.4 118.4-128 195.2l-48-48c-25.6-25.6-25.6-70.4 0-96zM560 966.4c-25.6 25.6-67.2 25.6-96 0l-32-32c12.8-3.2 25.6-3.2 35.2-9.6 22.4-9.6 51.2-19.2 76.8-38.4 25.6-16 44.8-38.4 48-54.4-9.6 12.8-22.4 22.4-32 35.2 28.8-35.2 64-70.4 76.8-118.4-6.4-3.2-6.4-3.2-3.2-16-6.4 28.8-25.6 70.4-48 92.8l-6.4-3.2c16-22.4 41.6-60.8 48-89.6-3.2 0-6.4-3.2-9.6-3.2s0-6.4 0-12.8c19.2 19.2 41.6 35.2 67.2 44.8 19.2 9.6 41.6 12.8 64 12.8l-188.8 192z"
				],
				"attrs": [
					{
						"fill": "rgb(27, 0, 72)"
					}
				],
				"isMulticolor": false,
				"grid": 0,
				"tags": [
					"faith-diamond-resonance"
				]
			},
			"attrs": [
				{
					"fill": "rgb(27, 0, 72)"
				}
			],
			"properties": {
				"order": 17,
				"id": 8,
				"prevSize": 32,
				"code": 59666,
				"name": "faith-diamond-resonance"
			},
			"setIdx": 0,
			"setId": 0,
			"iconIdx": 18
		},
		{
			"icon": {
				"paths": [
					"M992 438.4l-406.4-409.6c-38.4-38.4-108.8-38.4-147.2 0l-406.4 409.6c-19.2 19.2-32 44.8-32 73.6s9.6 54.4 32 73.6l406.4 406.4c19.2 19.2 44.8 32 73.6 32s54.4-9.6 73.6-32l406.4-406.4c19.2-19.2 32-44.8 32-73.6s-9.6-54.4-32-73.6zM748.8 736l-54.4 96-35.2 35.2-73.6-128h-166.4v-6.4l3.2-6.4 57.6-99.2c25.6 0 51.2 3.2 76.8 0 0-6.4 0-6.4 19.2-9.6-25.6 0-60.8 0-92.8 0l6.4-9.6c28.8 0 60.8 3.2 86.4 0 0-3.2 0-6.4 0-9.6s16-3.2 32-3.2c0 0 0 0 0 0 19.2 32 16 12.8 19.2 9.6-9.6-16-16-28.8-25.6-44.8 19.2-3.2 28.8-9.6 28.8-12.8-19.2 3.2-19.2-3.2-35.2-3.2 0 0 0 0 0 0 54.4-6.4 108.8-16 35.2-19.2-16 0-32 0-48 0-19.2-32-35.2-60.8-48-86.4h48c28.8-48 54.4-96 83.2-144 28.8 51.2 57.6 102.4 86.4 150.4h156.8c3.2 0 3.2 0 6.4 0 0 0 0 3.2-3.2 3.2l-80 137.6 38.4 64-80 86.4h-41.6zM390.4 390.4c-16-6.4-54.4-6.4-89.6-6.4 16 28.8 32 57.6 35.2 70.4 32 60.8-9.6-3.2-54.4-80 22.4 0 48 0 67.2 0-38.4-6.4 64 0 64-6.4-3.2-9.6 9.6-22.4-185.6-28.8h-6.4c6.4 16 0 9.6-9.6-3.2v-3.2l32-57.6 108.8-105.6 9.6 16 83.2 140.8c16 28.8 35.2 57.6 51.2 89.6-22.4 0-70.4 0-92.8 0-9.6-3.2-9.6-6.4-6.4-12.8s9.6-9.6-6.4-12.8zM208 342.4c35.2 60.8 73.6 124.8 108.8 188.8-70.4 0-144 0-214.4 0v0 0l9.6-16 19.2-35.2 76.8-137.6zM259.2 636.8c19.2 0 44.8 0 67.2 0-22.4 41.6-44.8 80-70.4 121.6l-115.2-118.4c41.6 0 80 0 118.4-3.2zM499.2 419.2c3.2 3.2 3.2 6.4 6.4 9.6-3.2 0-6.4 0-9.6 0-16 0-3.2-3.2 3.2-9.6zM416 444.8h99.2c16 28.8 35.2 57.6 51.2 86.4-35.2 0-70.4 0-105.6 0l-41.6-70.4-9.6-12.8 6.4-3.2zM572.8 576h-54.4c28.8 0 51.2-3.2 70.4-6.4 6.4 9.6 12.8 22.4 19.2 32-19.2 0-51.2 0-70.4 0 0-3.2 0-6.4 0-9.6s19.2-3.2 35.2-3.2c-0-3.2 19.2-9.6-0-12.8zM672 281.6c0 0 0 0 0 0 3.2 3.2 3.2 3.2 6.4 9.6 0-3.2-3.2-6.4-6.4-9.6zM912 454.4v0 0 0 0 0c0 0 0 0 0 0zM803.2 355.2c19.2 0 35.2 0 54.4 0v6.4c-12.8 0-22.4 0-35.2 0-6.4 0-16 0-25.6 0-9.6-16-32-60.8-48-86.4-3.2 0-6.4 3.2-9.6 6.4-3.2 0-16-22.4-28.8-44.8 12.8 22.4 38.4 67.2 51.2 92.8-3.2 0-6.4 3.2-9.6 6.4-3.2 0-16-22.4-28.8-44.8-3.2 3.2-22.4-16-12.8 6.4l41.6 70.4c-32-51.2-54.4-83.2-73.6-102.4 6.4-9.6 12.8-22.4 19.2-32s9.6-19.2 9.6-22.4l137.6 137.6c-9.6 0-19.2 0-28.8 0h-12.8l-3.2-19.2c-6.4-12.8-12.8-22.4-22.4-38.4-3.2 3.2-6.4 3.2-22.4-19.2 12.8 25.6 32 57.6 48 83.2zM464 57.6c12.8-12.8 28.8-19.2 48-19.2s35.2 6.4 48 19.2l144 144c0 0-3.2 0-3.2 0-6.4 19.2-19.2 35.2-28.8 54.4-9.6-9.6-16-12.8-19.2-12.8 6.4 9.6 9.6 16 12.8 22.4 0 0 0 3.2-3.2 3.2-41.6-57.6-73.6-99.2-28.8-16 6.4 12.8 12.8 22.4 19.2 35.2-3.2 6.4-9.6 16-12.8 22.4-25.6 41.6-48 80-70.4 118.4-9.6 0-19.2 0-32 0 0 0 0 0 0 0-9.6-16-28.8-48-35.2-64-3.2-19.2 22.4 9.6 19.2-9.6s-41.6-83.2-48-99.2c-22.4-51.2 25.6 28.8 51.2 76.8-6.4-19.2 19.2 32 22.4 28.8 9.6-6.4 16-9.6-12.8-76.8-6.4-16 9.6-6.4 12.8-6.4-35.2-64-73.6-128-112-192l28.8-28.8zM464 966.4l-102.4-102.4c22.4 0 44.8 0 64 0h86.4l9.6 19.2 32 51.2c3.2 6.4 9.6 12.8 12.8 22.4l-9.6 9.6c-22.4 25.6-67.2 25.6-92.8 0z"
				],
				"attrs": [
					{
						"fill": "rgb(27, 0, 72)"
					}
				],
				"isMulticolor": false,
				"grid": 0,
				"tags": [
					"faith-diamond-violence"
				]
			},
			"attrs": [
				{
					"fill": "rgb(27, 0, 72)"
				}
			],
			"properties": {
				"order": 18,
				"id": 7,
				"prevSize": 32,
				"code": 59667,
				"name": "faith-diamond-violence"
			},
			"setIdx": 0,
			"setId": 0,
			"iconIdx": 19
		},
		{
			"icon": {
				"paths": [
					"M976 348.8l-393.6-288c-41.6-28.8-96-28.8-137.6 0l-396.8 288c-41.6 28.8-57.6 83.2-41.6 131.2l150.4 464c16 48 60.8 80 112 80h486.4c51.2 0 96-32 112-83.2l150.4-460.8c16-48 0-102.4-41.6-131.2zM419.2 531.2c16-16 41.6-44.8 60.8-64 3.2 3.2 3.2 3.2 6.4 6.4-19.2 19.2-48 41.6-60.8 60.8 3.2 3.2 6.4 6.4 9.6 9.6s-9.6 12.8-19.2 22.4c9.6-9.6 28.8-28.8 41.6-41.6 3.2 3.2 6.4 6.4 9.6 9.6s-9.6 12.8-19.2 22.4c3.2 3.2 0 12.8 3.2 12.8 0 0 0 0 0 0-22.4-19.2-16-3.2-19.2 0 6.4 6.4 12.8 12.8 22.4 19.2-6.4 12.8-6.4 22.4-6.4 25.6 6.4-9.6 12.8-9.6 19.2-12.8 0 0 0 0 0 0-22.4 35.2-41.6 67.2 0 32 6.4-6.4 9.6-9.6 16-16 19.2 19.2 38.4 38.4 51.2 54.4-70.4 70.4-140.8 137.6-211.2 208-70.4-67.2-137.6-137.6-208-208l-35.2-112c76.8-80 160-163.2 240-249.6 51.2 51.2 102.4 99.2 150.4 147.2-19.2 16-35.2 32-51.2 51.2 6.4 6.4 6.4 9.6 0 22.4zM486.4 537.6c-12.8 16-22.4 28.8-28.8 38.4-3.2-3.2-3.2-3.2-6.4-6.4 0 0 3.2 0 6.4-3.2l28.8-28.8zM556.8 544c19.2 16 35.2 35.2 54.4 51.2-22.4 22.4-44.8 44.8-67.2 67.2-19.2-19.2-35.2-35.2-54.4-51.2 22.4-25.6 44.8-44.8 67.2-67.2zM496 432l12.8-12.8c-3.2 3.2-6.4 6.4-12.8 12.8 0 0 0 0 0 0zM841.6 604.8c-22.4 22.4-156.8 160-172.8 179.2l-3.2-3.2h-3.2l-16-16-22.4-19.2c9.6-9.6 19.2-19.2 28.8-28.8-3.2-3.2-6.4-6.4 6.4-22.4-12.8 12.8-25.6 28.8-41.6 41.6l-6.4-6.4c16-16 32-28.8 41.6-41.6-3.2-3.2-6.4-6.4-9.6-9.6s12.8-16 25.6-32c-12.8 12.8-41.6 41.6-57.6 57.6-3.2-3.2-6.4-6.4-9.6-9.6s12.8-16 25.6-32c-3.2-3.2 6.4-22.4-9.6-9.6l-41.6 41.6c28.8-32 48-57.6 57.6-73.6 3.2 3.2 6.4 6.4 6.4 6.4 32 25.6 19.2 6.4 25.6 3.2-9.6-9.6-16-16-25.6-25.6 3.2-6.4 3.2-12.8 3.2-16-3.2 3.2-6.4 6.4-9.6 9.6-3.2-3.2-3.2-3.2-6.4-6.4 28.8-38.4 44.8-67.2-6.4-22.4-3.2 3.2-6.4 6.4-9.6 9.6-19.2-19.2-35.2-35.2-54.4-54.4 35.2-32 67.2-67.2 102.4-99.2-22.4-25.6 156.8 153.6 182.4 179.2zM841.6 601.6c6.4-3.2 3.2-3.2 0 0 0 0 0 0 0 0zM572.8 803.2c0 0 0 0 0 0 0-3.2 3.2-6.4 6.4-9.6 9.6 9.6 19.2 19.2 22.4 25.6 19.2 25.6-3.2 9.6-28.8-16 0 0 0 0 0 0v0zM617.6 620.8c3.2-3.2 6.4-6.4 6.4-9.6 0 0 0 0 0 0 0 3.2-3.2 6.4-6.4 9.6zM572.8 787.2c-3.2 3.2-6.4 6.4-6.4 6.4l-6.4-6.4c3.2-3.2 6.4-6.4 6.4-6.4s3.2 3.2 6.4 6.4zM534.4 844.8v0c-3.2 0-3.2 0 0 0 0 0 0 0 0 0zM828.8 931.2c-9.6 32-41.6 54.4-73.6 54.4h-352c12.8-16 25.6-28.8 32-35.2 25.6-28.8 70.4-67.2 102.4-99.2 41.6 41.6 86.4 86.4 131.2 131.2 38.4-38.4 80-80 118.4-121.6 22.4-22.4 44.8-48 67.2-70.4 9.6-9.6 16-19.2 25.6-28.8l-51.2 169.6zM979.2 467.2l-22.4 67.2c-118.4-112-124.8-128-288-288-28.8 28.8-57.6 60.8-92.8 96-22.4 25.6-60.8 57.6-83.2 83.2-6.4-6.4-12.8-12.8-19.2-19.2-6.4-19.2 25.6 3.2 19.2-19.2-6.4-19.2-67.2-73.6-80-92.8-38.4-48 35.2 22.4 76.8 64-9.6-19.2 28.8 28.8 32 25.6 9.6-9.6 16-16-35.2-80-12.8-16 9.6-9.6 12.8-12.8-41.6-41.6-86.4-86.4-131.2-131.2l96-70.4c16-6.4 32-9.6 48-9.6s32 6.4 44.8 16l393.6 284.8c28.8 19.2 38.4 54.4 28.8 86.4z"
				],
				"attrs": [
					{
						"fill": "rgb(27, 0, 72)"
					}
				],
				"isMulticolor": false,
				"grid": 0,
				"tags": [
					"faith-pentagon-corruption"
				]
			},
			"attrs": [
				{
					"fill": "rgb(27, 0, 72)"
				}
			],
			"properties": {
				"order": 21,
				"id": 4,
				"prevSize": 32,
				"code": 59668,
				"name": "faith-pentagon-corruption"
			},
			"setIdx": 0,
			"setId": 0,
			"iconIdx": 20
		},
		{
			"icon": {
				"paths": [
					"M976 348.8l-393.6-288c-41.6-28.8-96-28.8-137.6 0l-396.8 288c-41.6 28.8-57.6 83.2-41.6 131.2l150.4 464c16 48 60.8 80 112 80h486.4c51.2 0 96-32 112-83.2l150.4-460.8c16-48 0-102.4-41.6-131.2zM556.8 92.8l70.4 51.2c-32-12.8-64-25.6-96-32-25.6-6.4-51.2-9.6-76.8-9.6l12.8-9.6c25.6-19.2 64-19.2 89.6-0zM467.2 108.8c-6.4 0-16 0-22.4 0h3.2c6.4 0 12.8 0 19.2 0zM195.2 931.2l-150.4-464c-9.6-32 0-67.2 28.8-86.4l92.8-67.2c83.2-60.8 192-92.8 297.6-80 131.2 16 256 92.8 304 211.2 54.4 115.2 28.8 262.4-54.4 355.2s-233.6 108.8-336 41.6c-51.2-32-83.2-83.2-92.8-140.8-16-60.8 0-121.6 35.2-166.4 35.2-41.6 89.6-67.2 144-60.8 25.6 3.2 54.4 12.8 76.8 28.8 19.2 16 35.2 35.2 44.8 57.6 19.2 48 3.2 108.8-32 134.4-35.2 28.8-96 25.6-124.8-6.4-12.8-12.8-19.2-35.2-19.2-54.4 3.2-19.2 12.8-38.4 28.8-44.8 12.8-9.6 32-9.6 48 0 12.8 6.4 16 19.2 16 32 0 6.4-3.2 9.6-3.2 12.8-3.2 6.4-3.2 9.6-3.2 9.6 3.2 0 9.6-3.2 12.8-3.2 22.4-28.8-3.2-70.4-44.8-70.4-38.4-3.2-67.2 32-73.6 67.2-3.2 25.6-9.6-25.6-16-3.2 0 12.8 0 35.2 9.6 54.4s22.4 35.2 35.2 41.6c22.4 25.6-35.2-3.2-16 22.4 9.6 12.8 54.4 35.2 99.2 35.2s86.4-25.6 102.4-38.4c22.4-16 25.6-25.6 25.6-22.4s-9.6 16-28.8 32c-19.2 16-48 32-80 35.2-32 6.4-67.2 0-92.8-9.6 16 9.6-3.2 3.2-22.4-9.6-22.4-12.8-41.6-35.2-44.8-32s-9.6 6.4 3.2 28.8c6.4 9.6 19.2 22.4 41.6 35.2s54.4 28.8 102.4 28.8c48-3.2 0 12.8 0 19.2 76.8-3.2 150.4-48 188.8-115.2 38.4-64 48-144 25.6-214.4s-80-134.4-144-163.2c-64-32-140.8-38.4-211.2-19.2s-131.2 60.8-172.8 121.6c-38.4 57.6-60.8 124.8-60.8 192-3.2 137.6 83.2 265.6 198.4 316.8 9.6 6.4 19.2 9.6 32 12.8h-96c-35.2-3.2-64-22.4-73.6-54.4zM828.8 931.2c-9.6 32-41.6 54.4-73.6 54.4h-89.6c89.6-35.2 163.2-105.6 208-188.8l-44.8 134.4zM979.2 467.2l-60.8 185.6c12.8-70.4 9.6-144-12.8-211.2-16-57.6-48-112-86.4-156.8l131.2 96c28.8 19.2 38.4 54.4 28.8 86.4z"
				],
				"attrs": [
					{
						"fill": "rgb(27, 0, 72)"
					}
				],
				"isMulticolor": false,
				"grid": 0,
				"tags": [
					"faith-pentagon-fascination"
				]
			},
			"attrs": [
				{
					"fill": "rgb(27, 0, 72)"
				}
			],
			"properties": {
				"order": 22,
				"id": 3,
				"prevSize": 32,
				"code": 59669,
				"name": "faith-pentagon-fascination"
			},
			"setIdx": 0,
			"setId": 0,
			"iconIdx": 21
		},
		{
			"icon": {
				"paths": [
					"M976 348.8l-393.6-288c-41.6-28.8-96-28.8-137.6 0l-396.8 288c-41.6 28.8-57.6 83.2-41.6 131.2l150.4 464c16 48 60.8 80 112 80h486.4c51.2 0 96-32 112-83.2l150.4-460.8c16-48 0-102.4-41.6-131.2zM544 822.4c6.4 41.6 35.2 112 67.2 121.6-9.6-9.6-19.2-22.4-25.6-32 25.6 25.6 48 54.4 76.8 73.6h-288l80-64-16-64-3.2-25.6-3.2-12.8v-35.2l3.2-67.2-131.2-64 3.2-12.8 3.2-9.6 144 16 35.2-57.6 12.8-19.2 35.2-35.2 51.2-48-48-137.6c-3.2 3.2 6.4-3.2 9.6-6.4s12.8-6.4 9.6-6.4l89.6 112 67.2-16 22.4-3.2 12.8-3.2h35.2l67.2 3.2 41.6-83.2 38.4 25.6-9.6 76.8 51.2 32-32 96c-38.4-28.8-83.2-44.8-128-44.8-73.6-3.2-156.8 22.4-211.2 80-54.4 54.4-80 140.8-60.8 211.2zM310.4 627.2v0 0 0 0zM195.2 931.2l-150.4-464c-9.6-32 0-67.2 28.8-86.4l393.6-284.8c28.8-19.2 64-19.2 89.6 0l230.4 166.4c-9.6 16-12.8 25.6-12.8 25.6-9.6 0-67.2 6.4-76.8 6.4-19.2-25.6-41.6-51.2-60.8-76.8l-32-41.6-9.6-9.6c-3.2 0-6.4 3.2-9.6 3.2l-22.4 9.6c-28.8 12.8-60.8 25.6-86.4 41.6l-80 51.2c-6.4 3.2-16 6.4-16 12.8l9.6 25.6 16 48c9.6 25.6 19.2 54.4 28.8 80l-6.4 6.4c-9.6 9.6-19.2 22.4-28.8 35.2l-6.4 9.6-3.2 3.2-3.2 6.4c-22.4-3.2-48-6.4-73.6-9.6l-48-6.4-22.4-3.2h-19.2l-0 16c-12.8 28.8-25.6 57.6-35.2 86.4s-35.2 105.6-22.4 144c41.6 22.4 89.6 41.6 102.4 44.8-12.8-6.4-54.4-25.6-83.2-41.6l-12.8-6.4c-3.2-3.2-9.6-3.2-6.4-9.6l3.2-25.6c3.2-16 6.4-35.2 9.6-54.4-6.4 28.8-9.6 54.4-12.8 83.2 22.4 12.8 48 25.6 73.6 38.4 16 9.6 32 16 51.2 25.6 9.6 6.4 12.8 6.4 19.2 9.6-3.2-3.2 6.4 92.8 9.6 86.4-6.4 6.4-6.4 6.4-16 12.8 3.2 3.2 6.4 6.4-25.6 35.2 9.6-9.6 22.4-19.2 35.2-28.8 9.6-6.4 16-12.8 22.4-19.2-6.4-6.4-16-89.6-12.8-96-6.4-3.2-12.8-6.4-19.2-9.6-9.6-6.4-19.2-9.6-28.8-16l3.2-6.4c9.6 3.2 19.2 9.6 32 12.8 6.4 3.2 16 6.4 22.4 12.8-3.2 16 3.2 92.8 9.6 108.8-22.4 19.2-41.6 35.2-60.8 51.2 3.2 3.2 6.4 6.4 6.4 9.6 0 0-9.6 9.6-22.4 22.4-6.4 6.4-12.8 9.6-22.4 16-19.2-9.6-41.6-28.8-48-51.2zM246.4 979.2v0c16-12.8 32-25.6 44.8-35.2 22.4-19.2 48-38.4 64-51.2 3.2 0 9.6 3.2 12.8 6.4 3.2 0-32 28.8-67.2 57.6 3.2 6.4-19.2 32 9.6 12.8l38.4-28.8c16-12.8 32-25.6 44.8-38.4-3.2-12.8-6.4-28.8-9.6-44.8 3.2 16 6.4 32 12.8 44.8-28.8 25.6-54.4 48-83.2 73.6l-9.6 9.6h-32c-9.6-3.2-19.2-3.2-25.6-6.4zM838.4 896c-19.2 9.6-38.4 12.8-60.8 12.8-16 3.2-9.6 6.4-9.6 12.8 22.4 3.2 44.8 0 64-6.4l-3.2 12.8c-9.6 32-41.6 54.4-73.6 54.4h-67.2c-22.4-9.6-51.2-28.8-67.2-48l6.4-6.4c19.2 16 48 44.8 70.4 51.2 0-3.2 3.2-9.6 3.2-9.6 0-3.2 12.8 3.2 22.4 6.4-12.8-3.2-32-12.8-41.6-19.2 0-3.2 3.2-6.4 6.4-9.6s9.6 3.2 22.4 6.4c3.2-6.4 12.8-6.4 6.4-12.8-9.6-3.2-19.2-9.6-25.6-16 35.2 19.2 60.8 6.4 60.8 0-9.6 0-6.4-6.4-16-6.4 28.8 0 48-9.6 22.4-19.2-60.8-16-99.2-83.2-86.4-140.8 9.6-60.8 73.6-105.6 137.6-96 38.4 3.2 70.4 28.8 89.6 60.8l-60.8 172.8z"
				],
				"attrs": [
					{
						"fill": "rgb(27, 0, 72)"
					}
				],
				"isMulticolor": false,
				"grid": 0,
				"tags": [
					"faith-pentagon-machinery"
				]
			},
			"attrs": [
				{
					"fill": "rgb(27, 0, 72)"
				}
			],
			"properties": {
				"order": 23,
				"id": 2,
				"prevSize": 32,
				"code": 59670,
				"name": "faith-pentagon-machinery"
			},
			"setIdx": 0,
			"setId": 0,
			"iconIdx": 22
		},
		{
			"icon": {
				"paths": [
					"M976 348.8l-393.6-288c-41.6-28.8-96-28.8-137.6 0l-396.8 288c-41.6 28.8-57.6 83.2-41.6 131.2l150.4 464c16 48 60.8 80 112 80h486.4c51.2 0 96-32 112-83.2l150.4-460.8c16-48 0-102.4-41.6-131.2zM979.2 467.2l-6.4 19.2c-12.8-12.8-25.6-25.6-41.6-35.2-28.8-22.4-83.2-44.8-115.2-41.6 12.8-35.2 19.2-73.6 19.2-112l115.2 83.2c28.8 19.2 38.4 54.4 28.8 86.4zM582.4 838.4c-3.2 12.8-9.6 25.6-16 38.4 22.4-54.4 6.4-83.2 0-83.2 0 12.8-6.4 12.8-6.4 25.6 0-38.4-12.8-73.6-19.2-25.6-9.6 99.2-105.6 179.2-204.8 169.6-99.2-3.2-185.6-96-182.4-195.2-3.2-102.4 89.6-195.2 192-195.2 83.2-3.2 163.2 51.2 192 131.2 3.2 9.6 6.4 19.2 9.6 28.8s3.2 19.2 3.2 28.8c3.2 22.4 9.6 12.8 12.8 12.8 12.8 22.4 28.8 41.6 48 60.8-3.2 16-9.6 32-12.8 41.6-3.2 0-6.4-3.2-9.6-3.2s3.2-16 6.4-28.8c-3.2-3.2-6.4-19.2-12.8-6.4zM601.6 633.6c-9.6 9.6 0 54.4 0 67.2 6.4 35.2-19.2-19.2-16-57.6-6.4 12.8 0-22.4-3.2-25.6-9.6 0-25.6-3.2-32 51.2 0 6.4-3.2 6.4-6.4 6.4-6.4-12.8-12.8-25.6-19.2-35.2s16 3.2 12.8-9.6c-6.4-12.8-25.6-32-38.4-38.4-3.2-9.6 6.4-9.6 12.8-9.6 54.4 6.4 115.2-3.2 166.4-28.8-12.8 16-22.4 32-32 48-3.2 9.6-6.4-12.8-16-6.4-3.2 9.6-6.4 28.8-6.4 38.4-6.4 9.6-12.8-9.6-22.4 0zM707.2 544c3.2-3.2 3.2-6.4 3.2-9.6 3.2 0 3.2-3.2 6.4-3.2-6.4 9.6-3.2 16 12.8 6.4 54.4-32 131.2-12.8 166.4 41.6 35.2 51.2 22.4 131.2-32 166.4-51.2 38.4-134.4 28.8-172.8-22.4-44.8-51.2-38.4-137.6 16-179.2zM816 409.6c9.6 0 19.2 3.2 28.8 3.2-12.8 0-22.4 0-28.8-3.2 0 3.2 0 3.2 0 0zM467.2 92.8c12.8-9.6 28.8-12.8 44.8-12.8s32 6.4 44.8 16l57.6 41.6c-22.4 0-35.2 6.4-6.4 16 76.8 25.6 124.8 118.4 99.2 195.2-19.2 80-108.8 131.2-188.8 112-80-16-140.8-105.6-121.6-188.8 12.8-83.2 102.4-147.2 188.8-131.2 19.2 0 12.8-6.4 12.8-12.8-41.6-9.6-83.2 0-115.2 9.6-9.6 3.2 6.4-16-6.4-16-9.6 3.2-32 16-41.6 22.4-12.8 0-6.4-12.8-9.6-19.2l41.6-32zM73.6 380.8l198.4-144c-12.8 51.2-12.8 105.6 6.4 156.8 6.4 19.2 16 35.2 25.6 54.4-41.6 6.4-83.2 19.2-121.6 44.8-41.6 22.4-73.6 57.6-99.2 96l-38.4-118.4c-9.6-35.2-0-70.4 28.8-89.6zM755.2 982.4h-176c3.2-6.4 6.4-12.8 9.6-19.2-6.4 6.4-12.8 12.8-16 19.2h-3.2c28.8-35.2 57.6-67.2 67.2-112-6.4-3.2-6.4-3.2-6.4-19.2-9.6 32-28.8 80-54.4 105.6l-6.4-6.4c19.2-25.6 48-67.2 51.2-102.4-3.2 0-6.4-3.2-9.6-3.2s0-6.4 0-12.8c22.4 22.4 48 38.4 76.8 51.2 48 19.2 99.2 22.4 150.4 9.6l-12.8 35.2c-6.4 35.2-35.2 54.4-70.4 54.4z"
				],
				"attrs": [
					{
						"fill": "rgb(27, 0, 72)"
					}
				],
				"isMulticolor": false,
				"grid": 0,
				"tags": [
					"faith-pentagon-resonance"
				]
			},
			"attrs": [
				{
					"fill": "rgb(27, 0, 72)"
				}
			],
			"properties": {
				"order": 24,
				"id": 1,
				"prevSize": 32,
				"code": 59671,
				"name": "faith-pentagon-resonance"
			},
			"setIdx": 0,
			"setId": 0,
			"iconIdx": 23
		},
		{
			"icon": {
				"paths": [
					"M976 348.8l-393.6-288c-41.6-28.8-96-28.8-137.6 0l-396.8 288c-41.6 28.8-57.6 83.2-41.6 131.2l150.4 464c16 48 60.8 80 112 80h486.4c51.2 0 96-32 112-83.2l150.4-460.8c16-48 0-102.4-41.6-131.2zM896 726.4l-38.4 118.4h-73.6l-80 137.6h-25.6l-80-137.6h-185.6v-6.4l3.2-6.4 64-108.8c28.8 0 57.6 3.2 86.4 0 0-6.4 0-9.6 19.2-9.6-28.8 0-67.2 0-102.4 0l6.4-9.6c32 0 70.4 3.2 96 0 0-3.2 0-9.6 0-9.6 0-3.2 19.2-3.2 38.4-3.2 0 0 0 0 0 0 22.4 35.2 16 12.8 22.4 9.6-9.6-16-19.2-32-28.8-51.2 19.2-3.2 32-9.6 32-12.8-19.2 3.2-19.2-6.4-41.6-3.2 0 0 0 0 0 0 60.8-9.6 121.6-19.2 41.6-22.4-19.2 0-35.2 0-54.4 0-19.2-35.2-38.4-67.2-54.4-99.2h51.2c32-54.4 60.8-105.6 92.8-160 32 57.6 64 112 96 169.6h176c0 0 0 0 0 0l-6.4 19.2-80 140.8 25.6 44.8zM92.8 556.8l86.4-150.4c38.4 70.4 80 140.8 121.6 211.2-70.4 0-137.6 0-208 0l-12.8-35.2 12.8-25.6zM262.4 438.4c25.6 0 54.4 0 76.8 0-41.6-6.4 73.6 0 70.4-6.4-3.2-12.8 9.6-22.4-208-32h-6.4c9.6 19.2 0 9.6-12.8-3.2l3.2-3.2 92.8-163.2 3.2-3.2 48-35.2 19.2 35.2 92.8 156.8c19.2 32 38.4 67.2 57.6 99.2-25.6 0-76.8 0-105.6 0-12.8-3.2-9.6-9.6-6.4-12.8s9.6-9.6-6.4-12.8c-16-3.2-60.8-6.4-99.2-6.4 19.2 32 35.2 64 41.6 76.8 35.2 70.4-9.6-3.2-60.8-89.6zM588.8 665.6h-60.8c32 0 57.6-3.2 76.8-6.4 6.4 12.8 12.8 22.4 19.2 35.2-22.4 0-57.6 0-80 0 0-3.2 0-9.6 0-9.6 0-3.2 19.2-3.2 41.6-3.2 3.2-6.4 22.4-12.8 3.2-16zM460.8 617.6l-44.8-80-9.6-16h115.2c19.2 32 38.4 64 57.6 99.2-38.4-3.2-76.8-3.2-118.4-3.2zM502.4 499.2c-19.2 0-3.2-3.2 3.2-9.6 3.2 3.2 3.2 6.4 6.4 9.6-3.2 3.2-6.4 3.2-9.6 0zM700.8 336c0 0 0 0 0 0 3.2 3.2 3.2 6.4 6.4 9.6-3.2-3.2-6.4-6.4-6.4-9.6zM467.2 92.8c28.8-19.2 64-19.2 89.6 0l393.6 284.8c6.4 6.4 12.8 12.8 19.2 19.2-3.2 0-6.4 0-9.6 0-6.4 0-12.8 0-22.4 0-12.8 0-25.6 3.2-35.2 6.4h67.2c0 0 0 0 0 3.2-28.8 0-44.8 3.2-67.2 3.2-12.8 0-28.8 0-41.6 0h-16l-9.6-19.2c-9.6-12.8-16-25.6-25.6-41.6-6.4 3.2-6.4 3.2-25.6-19.2 16 25.6 35.2 57.6 54.4 89.6 22.4 0 38.4 0 60.8 0v9.6c-12.8 0-25.6 0-38.4 0-9.6 0-19.2 0-28.8 0-9.6-19.2-38.4-67.2-54.4-96-3.2 0-6.4 3.2-9.6 6.4-3.2 0-16-25.6-32-48 16 25.6 44.8 76.8 57.6 102.4-3.2 0-6.4 3.2-9.6 6.4-3.2 0-16-22.4-32-48-6.4 3.2-25.6-19.2-12.8 6.4l44.8 76.8c-35.2-54.4-60.8-92.8-80-115.2 6.4-12.8 12.8-25.6 22.4-35.2 25.6-51.2 6.4-28.8 3.2-32-9.6 19.2-22.4 38.4-32 57.6-9.6-9.6-16-16-19.2-12.8 9.6 12.8 9.6 19.2 12.8 25.6 0 0-3.2 3.2-3.2 3.2-44.8-64-83.2-108.8-32-16 6.4 12.8 16 25.6 22.4 38.4-3.2 9.6-9.6 16-16 25.6-28.8 48-54.4 89.6-76.8 134.4-12.8 0-22.4 0-35.2 0 0 0 0 0 0 0-9.6-19.2-32-54.4-41.6-70.4-3.2-22.4 25.6 9.6 22.4-12.8s-48-89.6-54.4-112c-25.6-57.6 28.8 32 57.6 86.4-6.4-19.2 19.2 35.2 25.6 32 9.6-6.4 19.2-9.6-16-86.4-6.4-19.2 9.6-6.4 12.8-9.6-41.6-70.4-83.2-140.8-124.8-214.4l35.2-28.8zM131.2 739.2c35.2 0 73.6 0 105.6-3.2 22.4 0 48 0 76.8 0-38.4 67.2-76.8 134.4-115.2 201.6 0-3.2-3.2-3.2-3.2-6.4l-64-192z"
				],
				"attrs": [
					{
						"fill": "rgb(27, 0, 72)"
					}
				],
				"isMulticolor": false,
				"grid": 0,
				"tags": [
					"faith-pentagon-violence"
				]
			},
			"attrs": [
				{
					"fill": "rgb(27, 0, 72)"
				}
			],
			"properties": {
				"order": 26,
				"id": 0,
				"prevSize": 32,
				"code": 59672,
				"name": "faith-pentagon-violence"
			},
			"setIdx": 0,
			"setId": 0,
			"iconIdx": 24
		},
		{
			"icon": {
				"paths": [
					"M800 416v-128c0-160-128-288-288-288s-288 128-288 288v128c-54.4 0-96 41.6-96 96v224c0 160 128 288 288 288h192c160 0 288-128 288-288v-224c0-54.4-41.6-96-96-96zM288 288c0-124.8 99.2-224 224-224s224 99.2 224 224v128h-64v-128c0-89.6-70.4-160-160-160s-160 70.4-160 160v128h-64v-128zM640 288v0 128h-256v-128c0-70.4 57.6-128 128-128s128 57.6 128 128zM832 608v128c0 124.8-99.2 224-224 224h-192c-124.8 0-224-99.2-224-224v-224c0-19.2 12.8-32 32-32 22.4 0 41.6 0 64 0h448c22.4 0 41.6 0 64 0 19.2 0 32 12.8 32 32v96z",
					"M512 608c-35.2 0-64 28.8-64 64 0 19.2 9.6 57.6 22.4 86.4 9.6 22.4 19.2 41.6 41.6 41.6 25.6 0 35.2-19.2 41.6-41.6 9.6-28.8 22.4-67.2 22.4-86.4 0-35.2-28.8-64-64-64z"
				],
				"attrs": [
					{
						"fill": "rgb(27, 0, 72)"
					},
					{
						"fill": "rgb(27, 0, 72)"
					}
				],
				"isMulticolor": false,
				"grid": 0,
				"tags": [
					"faith-other-lock"
				]
			},
			"attrs": [
				{
					"fill": "rgb(27, 0, 72)"
				},
				{
					"fill": "rgb(27, 0, 72)"
				}
			],
			"properties": {
				"order": 19,
				"id": 6,
				"prevSize": 32,
				"code": 59673,
				"name": "faith-other-lock"
			},
			"setIdx": 0,
			"setId": 0,
			"iconIdx": 25
		},
		{
			"icon": {
				"paths": [
					"M0 512c0 60.8 22.4 115.2 60.8 153.6 32 32 73.6 51.2 118.4 51.2h176c0 0 0 0 0 0s0 0 0 0v0h374.4c16 0 35.2-3.2 48-12.8l195.2-112c0 0 16-9.6 22.4-16 35.2-35.2 35.2-92.8 0-124.8-6.4-6.4-22.4-16-25.6-16l-192-112c-16-9.6-32-12.8-48-12.8l-550.4-0c-102.4 0-179.2 89.6-179.2 201.6zM624 371.2c-16 19.2-25.6 38.4-35.2 60.8h-342.4c22.4-44.8 60.8-73.6 108.8-73.6 0 0 0 0 0 0v0h278.4c0 3.2-6.4 9.6-9.6 12.8zM582.4 457.6c-3.2 19.2-6.4 35.2-6.4 54.4 0 22.4 3.2 44.8 9.6 64h-345.6c-6.4-19.2-12.8-41.6-12.8-64 0-19.2 3.2-38.4 9.6-54.4h345.6zM592 601.6c9.6 22.4 22.4 44.8 41.6 64h-278.4c-41.6 0-80-25.6-102.4-64h339.2zM947.2 476.8c3.2 0 9.6 6.4 16 9.6 16 16 16 38.4 0 54.4-3.2 3.2-9.6 6.4-12.8 9.6l-86.4 51.2c-22.4-19.2-35.2-51.2-35.2-86.4s12.8-67.2 35.2-86.4l83.2 48zM841.6 412.8c-25.6 25.6-41.6 60.8-41.6 99.2s12.8 73.6 38.4 99.2l-83.2 48c-6.4 3.2-12.8 3.2-19.2 6.4-60.8-9.6-108.8-73.6-108.8-150.4 0-83.2 54.4-147.2 121.6-153.6 3.2 0 6.4 3.2 9.6 3.2l83.2 48zM179.2 358.4h60.8c-3.2 3.2-9.6 6.4-12.8 12.8-32 38.4-48 89.6-48 140.8 0 57.6 22.4 115.2 60.8 153.6h-60.8c-28.8 0-57.6-12.8-83.2-35.2-28.8-28.8-44.8-70.4-44.8-118.4 0-41.6 12.8-83.2 38.4-112 22.4-25.6 54.4-41.6 89.6-41.6z"
				],
				"attrs": [
					{
						"fill": "rgb(27, 0, 72)"
					}
				],
				"isMulticolor": false,
				"grid": 0,
				"tags": [
					"faith-other-pencil"
				]
			},
			"attrs": [
				{
					"fill": "rgb(27, 0, 72)"
				}
			],
			"properties": {
				"order": 20,
				"id": 5,
				"prevSize": 32,
				"code": 59674,
				"name": "faith-other-pencil"
			},
			"setIdx": 0,
			"setId": 0,
			"iconIdx": 26
		},
		{
			"icon": {
				"paths": [
					"M512 0c-281.6 0-512 230.4-512 512s230.4 512 512 512c281.6 0 512-230.4 512-512s-230.4-512-512-512z"
				],
				"attrs": [
					{
						"fill": "rgb(27, 0, 72)"
					}
				],
				"isMulticolor": false,
				"grid": 0,
				"tags": [
					"faith-circle-fill"
				]
			},
			"attrs": [
				{
					"fill": "rgb(27, 0, 72)"
				}
			],
			"properties": {
				"order": 31,
				"id": 29,
				"prevSize": 32,
				"code": 59675,
				"name": "faith-circle-fill"
			},
			"setIdx": 0,
			"setId": 0,
			"iconIdx": 27
		},
		{
			"icon": {
				"paths": [
					"M992 438.4l-406.4-406.4c-41.6-41.6-105.6-41.6-147.2 0l-406.4 406.4c-41.6 41.6-41.6 105.6 0 147.2l406.4 406.4c19.2 19.2 48 32 73.6 32s54.4-9.6 73.6-32l406.4-406.4c41.6-41.6 41.6-105.6 0-147.2z"
				],
				"attrs": [
					{
						"fill": "rgb(27, 0, 72)"
					}
				],
				"isMulticolor": false,
				"grid": 0,
				"tags": [
					"faith-diamond-fill"
				]
			},
			"attrs": [
				{
					"fill": "rgb(27, 0, 72)"
				}
			],
			"properties": {
				"order": 29,
				"id": 28,
				"prevSize": 32,
				"code": 59676,
				"name": "faith-diamond-fill"
			},
			"setIdx": 0,
			"setId": 0,
			"iconIdx": 28
		},
		{
			"icon": {
				"paths": [
					"M976 348.8l-393.6-288c-41.6-28.8-96-28.8-137.6 0l-396.8 288c-41.6 28.8-57.6 83.2-41.6 131.2l150.4 464c16 48 60.8 80 112 80h486.4c51.2 0 96-32 112-83.2l150.4-460.8c16-48 0-102.4-41.6-131.2z"
				],
				"attrs": [
					{
						"fill": "rgb(27, 0, 72)"
					}
				],
				"isMulticolor": false,
				"grid": 0,
				"tags": [
					"faith-pentagon-fill"
				]
			},
			"attrs": [
				{
					"fill": "rgb(27, 0, 72)"
				}
			],
			"properties": {
				"order": 30,
				"id": 27,
				"prevSize": 32,
				"code": 59677,
				"name": "faith-pentagon-fill"
			},
			"setIdx": 0,
			"setId": 0,
			"iconIdx": 29
		}
	],
	"height": 1024,
	"metadata": {
		"name": "Faith-Icons",
		"url": "http://www.pavelhamrik.com",
		"designer": "Pavel Hamrik",
		"designerURL": "http://www.pavelhamrik.com"
	},
	"preferences": {
		"showGlyphs": true,
		"showCodes": true,
		"showQuickUse": true,
		"showQuickUse2": true,
		"showSVGs": true,
		"fontPref": {
			"prefix": "i-",
			"metadata": {
				"fontFamily": "Faith-Icons",
				"majorVersion": 1,
				"minorVersion": 0,
				"description": "Proprietary prototyping font for a card game",
				"copyright": "Pavel Hamrik",
				"designer": "Pavel Hamrik",
				"designerURL": "http://www.pavelhamrik.com",
				"fontURL": "http://www.pavelhamrik.com"
			},
			"metrics": {
				"emSize": 1024,
				"baseline": 6.25,
				"whitespace": 50
			},
			"embed": false,
			"showMetrics": true,
			"showMetadata": true,
			"showVersion": true
		},
		"imagePref": {
			"prefix": "icon-",
			"png": true,
			"useClassSelector": true,
			"color": 4473924,
			"bgColor": 16777215
		},
		"historySize": 100
	}
}